[{
    "model": "ecommerce.address",
    "pk": 1,
    "fields": {
        "company": "",
        "address": "Qebibat, Lotion N\u00b0 296",
        "city": "Rabat",
        "post_code": "11020",
        "country": "Maroc",
        "region": "Rabat Sale Zmour Zair"
    }
}, {
    "model": "ecommerce.address",
    "pk": 2,
    "fields": {
        "company": "",
        "address": "KHIAM 3 N\u00b0 297",
        "city": "Temara",
        "post_code": "12000",
        "country": "Maroc",
        "region": "Rabat Sale Zmour Zair"
    }
}, {
    "model": "ecommerce.address",
    "pk": 3,
    "fields": {
        "company": "test",
        "address": "test",
        "city": "test",
        "post_code": "test",
        "country": "test",
        "region": "test"
    }
}, {
    "model": "ecommerce.address",
    "pk": 4,
    "fields": {
        "company": "",
        "address": "Qebibt - Lotion N\u00b0 296",
        "city": "Rabat",
        "post_code": "10010",
        "country": "Morocco",
        "region": "Rabat Sal\u00e9 Zmour Za\u00efr"
    }
}, {
    "model": "ecommerce.address",
    "pk": 5,
    "fields": {
        "company": "",
        "address": "ESTC, Autoroute El Jedida, Dept LP Ch\u00b0 15",
        "city": "Casablanca",
        "post_code": "2500",
        "country": "Morocco",
        "region": "Grand Casablanca"
    }
}, {
    "model": "ecommerce.address",
    "pk": 6,
    "fields": {
        "company": "EST",
        "address": "Ainchok Avenue Mohammed V N\u00b0 34",
        "city": "Casablanca",
        "post_code": "5400",
        "country": "Morocco",
        "region": "Grand Casablanca"
    }
}, {
    "model": "ecommerce.address",
    "pk": 7,
    "fields": {
        "company": "EST",
        "address": "Ainchok Avenue Mohammed V N\u00b0 34",
        "city": "Casablanca",
        "post_code": "5400",
        "country": "Morocco",
        "region": "Grand Casablanca"
    }
}, {
    "model": "ecommerce.commercecategory",
    "pk": 1,
    "fields": {
        "name": "Informatique",
        "image": "images/2018/05/04/multimedia_690c8a54bc_211f851cb7.jpg"
    }
}, {
    "model": "ecommerce.commercecategory",
    "pk": 2,
    "fields": {
        "name": "Vehicules",
        "image": "images/2018/05/04/Vehicules_d524712c38.jpg"
    }
}, {
    "model": "ecommerce.commercecategory",
    "pk": 3,
    "fields": {
        "name": "V\u00eatements",
        "image": "images/2018/05/04/vetements_c7fe574855_7620f8f433.png"
    }
}, {
    "model": "ecommerce.commercecategory",
    "pk": 4,
    "fields": {
        "name": "Sports",
        "image": "images/2018/05/04/Sport_c4636b4661_e769808ed2.jpg"
    }
}, {
    "model": "ecommerce.commercecategory",
    "pk": 5,
    "fields": {
        "name": "Maison",
        "image": "images/2018/05/04/immobilier_010f166240_2816d60f14.jpg"
    }
}, {
    "model": "ecommerce.commercecategory",
    "pk": 6,
    "fields": {
        "name": "Parapharmacie",
        "image": "images/2018/05/04/parapharmacie_cc8389dd87_3a9035cdc2.jpg"
    }
}, {
    "model": "ecommerce.commercecategory",
    "pk": 7,
    "fields": {
        "name": "Construction",
        "image": "images/2018/05/04/construction_1c59d296da_767b849477.jpg"
    }
}, {
    "model": "ecommerce.commercecategory",
    "pk": 8,
    "fields": {
        "name": "Jeux",
        "image": "images/2018/05/05/toys_6d9df4120e.jpg"
    }
}, {
    "model": "ecommerce.commercecategory",
    "pk": 9,
    "fields": {
        "name": "Aliments",
        "image": "images/2018/05/05/food_98eb365475.jpg"
    }
}, {
    "model": "ecommerce.commercescategory",
    "pk": 1,
    "fields": {
        "name": "T\u00e9l\u00e9phones",
        "category": 1
    }
}, {
    "model": "ecommerce.commercescategory",
    "pk": 2,
    "fields": {
        "name": "Tablettes",
        "category": 1
    }
}, {
    "model": "ecommerce.commercescategory",
    "pk": 3,
    "fields": {
        "name": "PC",
        "category": 1
    }
}, {
    "model": "ecommerce.commercescategory",
    "pk": 4,
    "fields": {
        "name": "Voitures",
        "category": 2
    }
}, {
    "model": "ecommerce.commercescategory",
    "pk": 5,
    "fields": {
        "name": "Chemises",
        "category": 3
    }
}, {
    "model": "ecommerce.commercescategory",
    "pk": 6,
    "fields": {
        "name": "Espadrilles",
        "category": 4
    }
}, {
    "model": "ecommerce.commercescategory",
    "pk": 7,
    "fields": {
        "name": "Ballon",
        "category": 4
    }
}, {
    "model": "ecommerce.commercescategory",
    "pk": 8,
    "fields": {
        "name": "Trip",
        "category": 4
    }
}, {
    "model": "ecommerce.commercescategory",
    "pk": 9,
    "fields": {
        "name": "Chassures",
        "category": 3
    }
}, {
    "model": "ecommerce.commercescategory",
    "pk": 10,
    "fields": {
        "name": "Fauteuils",
        "category": 5
    }
}, {
    "model": "ecommerce.commercescategory",
    "pk": 11,
    "fields": {
        "name": "Soin",
        "category": 6
    }
}, {
    "model": "ecommerce.commercescategory",
    "pk": 12,
    "fields": {
        "name": "Fer",
        "category": 7
    }
}, {
    "model": "ecommerce.commercescategory",
    "pk": 13,
    "fields": {
        "name": "Bois",
        "category": 7
    }
}, {
    "model": "ecommerce.commercescategory",
    "pk": 14,
    "fields": {
        "name": "Aluminium",
        "category": 7
    }
}, {
    "model": "ecommerce.commercescategory",
    "pk": 15,
    "fields": {
        "name": "Beaut\u00e9",
        "category": 6
    }
}, {
    "model": "ecommerce.commercescategory",
    "pk": 16,
    "fields": {
        "name": "Ecouteurs",
        "category": 1
    }
}, {
    "model": "ecommerce.commercescategory",
    "pk": 17,
    "fields": {
        "name": "Shell Phones",
        "category": 1
    }
}, {
    "model": "ecommerce.commercescategory",
    "pk": 18,
    "fields": {
        "name": "Chargeur",
        "category": 1
    }
}, {
    "model": "ecommerce.commercescategory",
    "pk": 19,
    "fields": {
        "name": "Accessoires",
        "category": 1
    }
}, {
    "model": "ecommerce.commercescategory",
    "pk": 20,
    "fields": {
        "name": "Batteries",
        "category": 1
    }
}, {
    "model": "ecommerce.brand",
    "pk": 1,
    "fields": {
        "name": "Apple",
        "image": "images/2018/05/06/apple_ada4383712.png"
    }
}, {
    "model": "ecommerce.brand",
    "pk": 2,
    "fields": {
        "name": "Samsung",
        "image": "images/2018/05/06/samsung_3c4cc82ef3.jpg"
    }
}, {
    "model": "ecommerce.brand",
    "pk": 3,
    "fields": {
        "name": "DELL",
        "image": "images/2018/05/06/Dell_e06462d857.jpg"
    }
}, {
    "model": "ecommerce.brand",
    "pk": 4,
    "fields": {
        "name": "BMW",
        "image": "images/2018/05/06/BMW_7d61ddb4cf.jpg"
    }
}, {
    "model": "ecommerce.brand",
    "pk": 5,
    "fields": {
        "name": "Hyundai",
        "image": "images/2018/05/06/Hyundai_9df58c8e16.jpg"
    }
}, {
    "model": "ecommerce.brand",
    "pk": 6,
    "fields": {
        "name": "LC WAIKIKI",
        "image": "images/2018/05/06/LcWaikiki_9a26f13736.jpg"
    }
}, {
    "model": "ecommerce.brand",
    "pk": 7,
    "fields": {
        "name": "Jules",
        "image": "images/2018/05/06/Jules_5fa6625027.jpg"
    }
}, {
    "model": "ecommerce.brand",
    "pk": 8,
    "fields": {
        "name": "Under Armor",
        "image": "images/2018/05/06/UnderArmor_b0c71328c8.jpg"
    }
}, {
    "model": "ecommerce.brand",
    "pk": 9,
    "fields": {
        "name": "Nike",
        "image": "images/2018/05/06/Nike_3c00ef02b7.jpg"
    }
}, {
    "model": "ecommerce.brand",
    "pk": 10,
    "fields": {
        "name": "Molten",
        "image": "images/2018/05/06/molten_a72890aae8.png"
    }
}, {
    "model": "ecommerce.brand",
    "pk": 11,
    "fields": {
        "name": "Garnier",
        "image": "images/2018/05/06/garnier_e109f34f9b.jpg"
    }
}, {
    "model": "ecommerce.brand",
    "pk": 12,
    "fields": {
        "name": "D\u00e9cathlon",
        "image": "images/2018/05/06/Decathlon_ebc76a23ad.png"
    }
}, {
    "model": "ecommerce.brand",
    "pk": 13,
    "fields": {
        "name": "CAT",
        "image": "images/2018/05/06/CAT_5d5e9989bf.jpg"
    }
}, {
    "model": "ecommerce.brand",
    "pk": 14,
    "fields": {
        "name": "Tommy",
        "image": ""
    }
}, {
    "model": "ecommerce.brand",
    "pk": 15,
    "fields": {
        "name": "Sonasid",
        "image": ""
    }
}, {
    "model": "ecommerce.brand",
    "pk": 16,
    "fields": {
        "name": "KITEA",
        "image": "images/2018/05/06/Kitea_0d506c64f4.png"
    }
}, {
    "model": "ecommerce.brand",
    "pk": 17,
    "fields": {
        "name": "Dettol",
        "image": "images/2018/05/06/Dettol_9e29d4205f.jpg"
    }
}, {
    "model": "ecommerce.tag",
    "pk": 1,
    "fields": {
        "name": "Phones"
    }
}, {
    "model": "ecommerce.tag",
    "pk": 2,
    "fields": {
        "name": "Sports"
    }
}, {
    "model": "ecommerce.tag",
    "pk": 3,
    "fields": {
        "name": "Basket"
    }
}, {
    "model": "ecommerce.tag",
    "pk": 4,
    "fields": {
        "name": "Samsung"
    }
}, {
    "model": "ecommerce.tag",
    "pk": 5,
    "fields": {
        "name": "BMW"
    }
}, {
    "model": "ecommerce.tag",
    "pk": 6,
    "fields": {
        "name": "Tablettes"
    }
}, {
    "model": "ecommerce.tag",
    "pk": 7,
    "fields": {
        "name": "Soin"
    }
}, {
    "model": "ecommerce.tag",
    "pk": 8,
    "fields": {
        "name": "M\u00e9decine"
    }
}, {
    "model": "ecommerce.tag",
    "pk": 9,
    "fields": {
        "name": "Chaussures"
    }
}, {
    "model": "ecommerce.tag",
    "pk": 10,
    "fields": {
        "name": "Electronique"
    }
}, {
    "model": "ecommerce.tag",
    "pk": 11,
    "fields": {
        "name": "Voyage"
    }
}, {
    "model": "ecommerce.tag",
    "pk": 12,
    "fields": {
        "name": "Laptops"
    }
}, {
    "model": "ecommerce.tag",
    "pk": 13,
    "fields": {
        "name": "Constr"
    }
}, {
    "model": "ecommerce.tag",
    "pk": 14,
    "fields": {
        "name": "Voitures"
    }
}, {
    "model": "ecommerce.tag",
    "pk": 15,
    "fields": {
        "name": "Plage"
    }
}, {
    "model": "ecommerce.tag",
    "pk": 16,
    "fields": {
        "name": "Maisons"
    }
}, {
    "model": "ecommerce.tag",
    "pk": 17,
    "fields": {
        "name": "Apple"
    }
}, {
    "model": "ecommerce.tag",
    "pk": 18,
    "fields": {
        "name": "Trip"
    }
}, {
    "model": "ecommerce.tag",
    "pk": 19,
    "fields": {
        "name": "Foot"
    }
}, {
    "model": "ecommerce.tag",
    "pk": 20,
    "fields": {
        "name": "Elegance"
    }
}, {
    "model": "ecommerce.tag",
    "pk": 21,
    "fields": {
        "name": "Beaut\u00e9"
    }
}, {
    "model": "ecommerce.tag",
    "pk": 22,
    "fields": {
        "name": "Mati\u00e8res"
    }
}, {
    "model": "ecommerce.tag",
    "pk": 23,
    "fields": {
        "name": "Solid"
    }
}, {
    "model": "ecommerce.tag",
    "pk": 24,
    "fields": {
        "name": "Accessories"
    }
}, {
    "model": "ecommerce.product",
    "pk": 1,
    "fields": {
        "name": "iPhone X",
        "price": "14000.00",
        "image": "images/2018/05/12/iPhone-X_62b910a1df.jpg",
        "date_add": "2018-05-04",
        "cat": 1,
        "brand": 1,
        "number_views": 78,
        "accessories": [4, 27, 28],
        "tags": [1, 10, 17]
    }
}, {
    "model": "ecommerce.product",
    "pk": 2,
    "fields": {
        "name": "Galaxy S9",
        "price": "8000.00",
        "image": "images/2018/05/04/galaxyS9Front_9224a85e0e_c474e3b8af.jpg",
        "date_add": "2018-05-04",
        "cat": 1,
        "brand": 2,
        "number_views": 126,
        "accessories": [3, 23, 24, 25, 26, 27, 29],
        "tags": [1, 4, 10]
    }
}, {
    "model": "ecommerce.product",
    "pk": 3,
    "fields": {
        "name": "Galaxy Tab 3",
        "price": "2500.00",
        "image": "images/2018/05/04/Galaxytab3_1_b57c2ffb9d_a8287c7106.jpg",
        "date_add": "2018-05-04",
        "cat": 2,
        "brand": 2,
        "number_views": 42,
        "accessories": [2],
        "tags": [4, 6, 10]
    }
}, {
    "model": "ecommerce.product",
    "pk": 4,
    "fields": {
        "name": "MacBook Pro",
        "price": "18000.00",
        "image": "images/2018/05/12/macbook2_7388ace101.jpg",
        "date_add": "2018-05-04",
        "cat": 3,
        "brand": 1,
        "number_views": 21,
        "accessories": [1],
        "tags": [10, 12, 17]
    }
}, {
    "model": "ecommerce.product",
    "pk": 5,
    "fields": {
        "name": "Dell Inspiron N4010",
        "price": "5300.00",
        "image": "images/2018/05/12/Dell4_f88fce8c15.jpg",
        "date_add": "2018-05-04",
        "cat": 3,
        "brand": 3,
        "number_views": 43,
        "accessories": [],
        "tags": [10, 12]
    }
}, {
    "model": "ecommerce.product",
    "pk": 6,
    "fields": {
        "name": "BMW X4",
        "price": "400000.00",
        "image": "images/2018/05/12/Bmwx4_443d14c57a.png",
        "date_add": "2018-05-04",
        "cat": 4,
        "brand": 4,
        "number_views": 35,
        "accessories": [],
        "tags": [5, 14, 18, 19]
    }
}, {
    "model": "ecommerce.product",
    "pk": 7,
    "fields": {
        "name": "Santa fe",
        "price": "300000.00",
        "image": "images/2018/05/12/santa-fe2_cc45d10780.jpg",
        "date_add": "2018-05-04",
        "cat": 4,
        "brand": 5,
        "number_views": 51,
        "accessories": [],
        "tags": [14]
    }
}, {
    "model": "ecommerce.product",
    "pk": 8,
    "fields": {
        "name": "Pier One",
        "price": "180.00",
        "image": "images/2018/05/04/sanscou_1_215a7d5686_cf6354225e.jpg",
        "date_add": "2018-05-04",
        "cat": 5,
        "brand": 6,
        "number_views": 38,
        "accessories": [9, 14],
        "tags": [20]
    }
}, {
    "model": "ecommerce.product",
    "pk": 9,
    "fields": {
        "name": "Mango",
        "price": "249.00",
        "image": "images/2018/05/12/chemise_e8b895239e.jpg",
        "date_add": "2018-05-04",
        "cat": 5,
        "brand": 7,
        "number_views": 29,
        "accessories": [8, 14],
        "tags": [20]
    }
}, {
    "model": "ecommerce.product",
    "pk": 10,
    "fields": {
        "name": "Under Armor x4",
        "price": "1200.00",
        "image": "images/2018/05/04/under_1_456024a828_bc543f431a.jpg",
        "date_add": "2018-05-04",
        "cat": 6,
        "brand": 8,
        "number_views": 32,
        "accessories": [11, 12],
        "tags": [2, 3, 9]
    }
}, {
    "model": "ecommerce.product",
    "pk": 11,
    "fields": {
        "name": "Ballon Molten",
        "price": "120.00",
        "image": "images/2018/05/04/Molten_1_47e92ac2fe_4acb3b0481.jpg",
        "date_add": "2018-05-04",
        "cat": 7,
        "brand": 10,
        "number_views": 32,
        "accessories": [10, 12],
        "tags": [2, 3]
    }
}, {
    "model": "ecommerce.product",
    "pk": 12,
    "fields": {
        "name": "Ballon Nike Fiba",
        "price": "210.00",
        "image": "images/2018/05/04/Nike_1_7b3065e0df_13d1539b99.jpg",
        "date_add": "2018-05-04",
        "cat": 7,
        "brand": 9,
        "number_views": 39,
        "accessories": [10, 11],
        "tags": [2, 3]
    }
}, {
    "model": "ecommerce.product",
    "pk": 13,
    "fields": {
        "name": "Tente 2P",
        "price": "500.00",
        "image": "images/2018/05/04/tente_1_3d3663bd1d_4f428931fc.jpg",
        "date_add": "2018-05-04",
        "cat": 8,
        "brand": 12,
        "number_views": 39,
        "accessories": [],
        "tags": [11, 18]
    }
}, {
    "model": "ecommerce.product",
    "pk": 14,
    "fields": {
        "name": "CAT A200",
        "price": "700.00",
        "image": "images/2018/05/04/cat_1_cc613e49fb.jpg",
        "date_add": "2018-05-04",
        "cat": 9,
        "brand": 13,
        "number_views": 37,
        "accessories": [8, 9],
        "tags": [9, 20]
    }
}, {
    "model": "ecommerce.product",
    "pk": 15,
    "fields": {
        "name": "Tommy Lyon",
        "price": "450.00",
        "image": "images/2018/05/04/Ctommy_1_e5c7eeebf4.jpg",
        "date_add": "2018-05-04",
        "cat": 9,
        "brand": 14,
        "number_views": 50,
        "accessories": [],
        "tags": [9, 20]
    }
}, {
    "model": "ecommerce.product",
    "pk": 16,
    "fields": {
        "name": "Fauteuil Dor\u00e9",
        "price": "3000.00",
        "image": "images/2018/05/04/dore_1_3402c3c3af_a67117f4a3.jpg",
        "date_add": "2018-05-04",
        "cat": 10,
        "brand": 16,
        "number_views": 55,
        "accessories": [17],
        "tags": [16]
    }
}, {
    "model": "ecommerce.product",
    "pk": 17,
    "fields": {
        "name": "Fauteuil L09",
        "price": "600.00",
        "image": "images/2018/05/04/OLA_1_17902edc3b_d61ddebe5b.jpg",
        "date_add": "2018-05-04",
        "cat": 10,
        "brand": 16,
        "number_views": 43,
        "accessories": [16],
        "tags": [16]
    }
}, {
    "model": "ecommerce.product",
    "pk": 18,
    "fields": {
        "name": "Produit Dettol",
        "price": "60.00",
        "image": "images/2018/05/04/dettol_1_9f7501dcc6_7d66201734.jpg",
        "date_add": "2018-05-04",
        "cat": 11,
        "brand": 17,
        "number_views": 49,
        "accessories": [],
        "tags": [7, 8, 21]
    }
}, {
    "model": "ecommerce.product",
    "pk": 19,
    "fields": {
        "name": "Ultra doux shamp",
        "price": "90.00",
        "image": "images/2018/05/04/ultra_1_ebd92f907f_538fb69b25.jpg",
        "date_add": "2017-05-05",
        "cat": 15,
        "brand": 11,
        "number_views": 49,
        "accessories": [],
        "tags": [7, 8, 21]
    }
}, {
    "model": "ecommerce.product",
    "pk": 20,
    "fields": {
        "name": "Fer f8",
        "price": "70.00",
        "image": "images/2018/05/04/Fer_1_363bb402dc_fb47c8e53d.jpg",
        "date_add": "2018-05-04",
        "cat": 12,
        "brand": 15,
        "number_views": 53,
        "accessories": [21, 22],
        "tags": [13, 22, 23]
    }
}, {
    "model": "ecommerce.product",
    "pk": 21,
    "fields": {
        "name": "Bois B29",
        "price": "80.00",
        "image": "images/2018/05/04/Bois_2_a065730867_be084cbaeb.jpg",
        "date_add": "2018-05-04",
        "cat": 13,
        "brand": 15,
        "number_views": 61,
        "accessories": [20, 22],
        "tags": [13, 22, 23]
    }
}, {
    "model": "ecommerce.product",
    "pk": 22,
    "fields": {
        "name": "Aluminium A0",
        "price": "120.00",
        "image": "images/2018/05/04/aluminium_1_465841dc43_060c567ac7.jpg",
        "date_add": "2018-05-04",
        "cat": 14,
        "brand": 15,
        "number_views": 66,
        "accessories": [20, 21],
        "tags": [13, 22, 23]
    }
}, {
    "model": "ecommerce.product",
    "pk": 23,
    "fields": {
        "name": "Phoenix",
        "price": "300.00",
        "image": "images/2018/05/12/kits1_4f29340154.jpg",
        "date_add": "2018-05-12",
        "cat": 16,
        "brand": 2,
        "number_views": 6,
        "accessories": [2, 24, 25, 26, 29],
        "tags": [1, 4, 6, 10, 12, 14, 18]
    }
}, {
    "model": "ecommerce.product",
    "pk": 24,
    "fields": {
        "name": "Etui LED",
        "price": "450.00",
        "image": "images/2018/05/12/Etui-LED_ee5c5a40fe.jpg",
        "date_add": "2018-05-13",
        "cat": 17,
        "brand": 2,
        "number_views": 89,
        "accessories": [2, 23, 25, 26, 27, 29],
        "tags": [1, 4, 10, 20, 24]
    }
}, {
    "model": "ecommerce.product",
    "pk": 25,
    "fields": {
        "name": "Chargeur S9",
        "price": "500.00",
        "image": "images/2018/05/13/chargeur_883204bff4.jpg",
        "date_add": "2018-05-13",
        "cat": 18,
        "brand": 2,
        "number_views": 8,
        "accessories": [2, 23, 24, 26, 27, 29],
        "tags": [1, 4, 10, 11, 18, 24]
    }
}, {
    "model": "ecommerce.product",
    "pk": 26,
    "fields": {
        "name": "Dex Pad",
        "price": "900.00",
        "image": "images/2018/05/13/DeX-Pad_a57c95e6f7.jpg",
        "date_add": "2018-05-13",
        "cat": 19,
        "brand": 2,
        "number_views": 13,
        "accessories": [2, 23, 24, 25, 27, 29],
        "tags": [1, 4, 10, 24]
    }
}, {
    "model": "ecommerce.product",
    "pk": 27,
    "fields": {
        "name": "AKG",
        "price": "400.00",
        "image": "images/2018/05/13/AKG_3875b2873c.jpg",
        "date_add": "2018-05-13",
        "cat": 16,
        "brand": 2,
        "number_views": 15,
        "accessories": [1, 2, 24, 25, 26, 29],
        "tags": [1, 4, 10, 12, 17, 24]
    }
}, {
    "model": "ecommerce.product",
    "pk": 28,
    "fields": {
        "name": "Batterie X",
        "price": "590.00",
        "image": "images/2018/05/13/Batterie-X_711a4cce80.jpg",
        "date_add": "2018-05-13",
        "cat": 20,
        "brand": 1,
        "number_views": 6,
        "accessories": [1],
        "tags": [1, 10, 24]
    }
}, {
    "model": "ecommerce.product",
    "pk": 29,
    "fields": {
        "name": "Batterie S9",
        "price": "240.00",
        "image": "images/2018/05/13/Batterie-S9_7253bf7dc7.jpg",
        "date_add": "2018-05-13",
        "cat": 20,
        "brand": 2,
        "number_views": 4,
        "accessories": [2, 23, 24, 25, 26, 27],
        "tags": [1, 4, 10, 11, 18, 24]
    }
}, {
    "model": "ecommerce.commerceinformation",
    "pk": 1,
    "fields": {
        "value": "16 m\u00e9ga Px",
        "product": 1
    }
}, {
    "model": "ecommerce.commerceinformation",
    "pk": 2,
    "fields": {
        "value": "Crystal Display",
        "product": 1
    }
}, {
    "model": "ecommerce.commerceinformation",
    "pk": 3,
    "fields": {
        "value": "128 Gb",
        "product": 1
    }
}, {
    "model": "ecommerce.commerceinformation",
    "pk": 4,
    "fields": {
        "value": "6 Gb Ram",
        "product": 1
    }
}, {
    "model": "ecommerce.commerceinformation",
    "pk": 5,
    "fields": {
        "value": "20 M\u00e9ga Px",
        "product": 2
    }
}, {
    "model": "ecommerce.commerceinformation",
    "pk": 6,
    "fields": {
        "value": "64 Gb",
        "product": 2
    }
}, {
    "model": "ecommerce.commerceinformation",
    "pk": 7,
    "fields": {
        "value": "8 Gb Ram",
        "product": 2
    }
}, {
    "model": "ecommerce.commerceinformation",
    "pk": 8,
    "fields": {
        "value": "NFC",
        "product": 2
    }
}, {
    "model": "ecommerce.commerceinformation",
    "pk": 9,
    "fields": {
        "value": "Carte Graphique Invidia",
        "product": 5
    }
}, {
    "model": "ecommerce.commerceinformation",
    "pk": 10,
    "fields": {
        "value": "16 Gb RAM",
        "product": 5
    }
}, {
    "model": "ecommerce.commerceinformation",
    "pk": 11,
    "fields": {
        "value": "1 To Disque SSD",
        "product": 5
    }
}, {
    "model": "ecommerce.commerceinformation",
    "pk": 12,
    "fields": {
        "value": "Clavier num\u00e9rique",
        "product": 5
    }
}, {
    "model": "ecommerce.commerceimage",
    "pk": 1,
    "fields": {
        "image": "images/2018/05/04/iPhoneX_2_0598192b14_ad8cc2b7e6.jpg",
        "product": 1
    }
}, {
    "model": "ecommerce.commerceimage",
    "pk": 2,
    "fields": {
        "image": "images/2018/05/12/iPhone-X2_85eb56e375.jpg",
        "product": 1
    }
}, {
    "model": "ecommerce.commerceimage",
    "pk": 3,
    "fields": {
        "image": "images/2018/05/13/samsung-galaxy-s9_156daad118.jpg",
        "product": 2
    }
}, {
    "model": "ecommerce.commerceimage",
    "pk": 4,
    "fields": {
        "image": "images/2018/05/04/Galaxytab3_2_1a1134c4b4_5f5cc66308.jpg",
        "product": 3
    }
}, {
    "model": "ecommerce.commerceimage",
    "pk": 5,
    "fields": {
        "image": "images/2018/05/13/galaxy-Tab-3_c106a11c27.jpg",
        "product": 3
    }
}, {
    "model": "ecommerce.commerceimage",
    "pk": 6,
    "fields": {
        "image": "images/2018/05/12/macbook_a4e4ff58a9.jpg",
        "product": 4
    }
}, {
    "model": "ecommerce.commerceimage",
    "pk": 7,
    "fields": {
        "image": "images/2018/05/12/macbook_152c1462bd.jpg",
        "product": 4
    }
}, {
    "model": "ecommerce.commerceimage",
    "pk": 8,
    "fields": {
        "image": "images/2018/05/12/Dell_f7b5b68a9d.jpg",
        "product": 5
    }
}, {
    "model": "ecommerce.commerceimage",
    "pk": 9,
    "fields": {
        "image": "images/2018/05/12/Dell2_e6006a5009.jpg",
        "product": 5
    }
}, {
    "model": "ecommerce.commerceimage",
    "pk": 10,
    "fields": {
        "image": "images/2018/05/12/Dell3_f772c1389a.jpg",
        "product": 5
    }
}, {
    "model": "ecommerce.commerceimage",
    "pk": 11,
    "fields": {
        "image": "images/2018/05/12/Bmwx4-2_b7ac7b94f0.jpg",
        "product": 6
    }
}, {
    "model": "ecommerce.commerceimage",
    "pk": 12,
    "fields": {
        "image": "images/2018/05/12/Bmwx4-3_97a6567710.jpg",
        "product": 6
    }
}, {
    "model": "ecommerce.commerceimage",
    "pk": 13,
    "fields": {
        "image": "images/2018/05/12/santa-fe3_dd4ec1aa54.jpg",
        "product": 7
    }
}, {
    "model": "ecommerce.commerceimage",
    "pk": 14,
    "fields": {
        "image": "images/2018/05/12/santa-fe4_c2d8fbb6cc.jpg",
        "product": 7
    }
}, {
    "model": "ecommerce.commerceimage",
    "pk": 15,
    "fields": {
        "image": "images/2018/05/04/sanscou_2_a3edca7739_f970ccd88d.jpg",
        "product": 8
    }
}, {
    "model": "ecommerce.commerceimage",
    "pk": 16,
    "fields": {
        "image": "images/2018/05/12/chemise2_8e898f4496.jpg",
        "product": 9
    }
}, {
    "model": "ecommerce.commerceimage",
    "pk": 17,
    "fields": {
        "image": "images/2018/05/04/under_2_74b509c596_9960846128.jpg",
        "product": 10
    }
}, {
    "model": "ecommerce.commerceimage",
    "pk": 18,
    "fields": {
        "image": "images/2018/05/04/under_3_6e4cdf0800_3a3d6b2b31.jpg",
        "product": 10
    }
}, {
    "model": "ecommerce.commerceimage",
    "pk": 19,
    "fields": {
        "image": "images/2018/05/04/Molten_2_a44212b9f6_252b57665a.jpg",
        "product": 11
    }
}, {
    "model": "ecommerce.commerceimage",
    "pk": 20,
    "fields": {
        "image": "images/2018/05/04/Nike_2_86ebb0c01e_a66414607f.jpg",
        "product": 12
    }
}, {
    "model": "ecommerce.commerceimage",
    "pk": 21,
    "fields": {
        "image": "images/2018/05/04/tente_2_076b2ad675_5b50f7943a.jpg",
        "product": 13
    }
}, {
    "model": "ecommerce.commerceimage",
    "pk": 22,
    "fields": {
        "image": "images/2018/05/04/cat_2_c9f1b3beee.jpg",
        "product": 14
    }
}, {
    "model": "ecommerce.commerceimage",
    "pk": 23,
    "fields": {
        "image": "images/2018/05/04/Ctommy_2_65eba8e520.jpg",
        "product": 15
    }
}, {
    "model": "ecommerce.commerceimage",
    "pk": 24,
    "fields": {
        "image": "images/2018/05/04/dore_2_31dd321d09_df771227dd.jpg",
        "product": 16
    }
}, {
    "model": "ecommerce.commerceimage",
    "pk": 25,
    "fields": {
        "image": "images/2018/05/04/dore_3_43ae2688d0_8b6b98984c.jpg",
        "product": 16
    }
}, {
    "model": "ecommerce.commerceimage",
    "pk": 26,
    "fields": {
        "image": "images/2018/05/04/OLA_2_a447b46864_544653031d.jpg",
        "product": 17
    }
}, {
    "model": "ecommerce.commerceimage",
    "pk": 27,
    "fields": {
        "image": "images/2018/05/04/OLA_3_55d2d9e09b_648180d0b7.jpg",
        "product": 17
    }
}, {
    "model": "ecommerce.commerceimage",
    "pk": 28,
    "fields": {
        "image": "images/2018/05/04/ultra_2_1e9b9de680_893a98b61a.jpg",
        "product": 19
    }
}, {
    "model": "ecommerce.commerceimage",
    "pk": 29,
    "fields": {
        "image": "images/2018/05/04/Fer_2_14e12547c8_ce0f705d43.jpg",
        "product": 20
    }
}, {
    "model": "ecommerce.commerceimage",
    "pk": 30,
    "fields": {
        "image": "images/2018/05/04/Bois_1_053ec3c548_dd19244c9a.jpg",
        "product": 21
    }
}, {
    "model": "ecommerce.commerceimage",
    "pk": 31,
    "fields": {
        "image": "images/2018/05/04/aluminium_2_dbc133169b_5d837c6453.jpg",
        "product": 22
    }
}, {
    "model": "ecommerce.commerceimage",
    "pk": 32,
    "fields": {
        "image": "images/2018/05/12/Bmwx4-4_b28d442067.jpg",
        "product": 6
    }
}, {
    "model": "ecommerce.commerceimage",
    "pk": 33,
    "fields": {
        "image": "images/2018/05/13/S9_ef19ef558c.jpg",
        "product": 2
    }
}, {
    "model": "ecommerce.commerceimage",
    "pk": 34,
    "fields": {
        "image": "images/2018/05/12/santa-fe_210a40ed9e.jpg",
        "product": 7
    }
}, {
    "model": "ecommerce.commerceimage",
    "pk": 35,
    "fields": {
        "image": "images/2018/05/12/chemise3_87cd53c25e.jpg",
        "product": 9
    }
}, {
    "model": "ecommerce.commerceimage",
    "pk": 36,
    "fields": {
        "image": "images/2018/05/12/chemise4_1c2c447a15.jpg",
        "product": 9
    }
}, {
    "model": "ecommerce.commerceimage",
    "pk": 38,
    "fields": {
        "image": "images/2018/05/12/chemise5_2b50359ea5.jpg",
        "product": 9
    }
}, {
    "model": "ecommerce.commerceimage",
    "pk": 40,
    "fields": {
        "image": "images/2018/05/12/chemise6_277e802ffe.jpg",
        "product": 9
    }
}, {
    "model": "ecommerce.commerceimage",
    "pk": 41,
    "fields": {
        "image": "images/2018/05/12/kits_7c5b996c8f.jpg",
        "product": 23
    }
}, {
    "model": "ecommerce.commerceimage",
    "pk": 42,
    "fields": {
        "image": "images/2018/05/12/Etui-LED2_46ebdc0797.jpg",
        "product": 24
    }
}, {
    "model": "ecommerce.commerceimage",
    "pk": 43,
    "fields": {
        "image": "images/2018/05/13/chargeur-1_bb6c91779d.jpg",
        "product": 25
    }
}, {
    "model": "ecommerce.commerceimage",
    "pk": 44,
    "fields": {
        "image": "images/2018/05/13/DeX-Pad2_965f1c580f.jpg",
        "product": 26
    }
}, {
    "model": "ecommerce.commerceimage",
    "pk": 45,
    "fields": {
        "image": "images/2018/05/13/AKG2_3a6b41e3d9.jpg",
        "product": 27
    }
}, {
    "model": "ecommerce.commerceimage",
    "pk": 47,
    "fields": {
        "image": "images/2018/05/13/S9_4c849010fb.jpg",
        "product": 2
    }
}, {
    "model": "ecommerce.commerceratting",
    "pk": 1,
    "fields": {
        "value": "4.00",
        "comment": "Great phone",
        "name": "EL KHAOUA Karim",
        "date_add": "2018-05-12",
        "product": 1
    }
}, {
    "model": "ecommerce.commerceratting",
    "pk": 2,
    "fields": {
        "value": "5.00",
        "comment": "Amazing",
        "name": "OUJRI Issa",
        "date_add": "2018-05-12",
        "product": 1
    }
}, {
    "model": "ecommerce.commerceratting",
    "pk": 3,
    "fields": {
        "value": "2.00",
        "comment": "So bad laptop",
        "name": "Chiboub Abdlaziz",
        "date_add": "2018-05-12",
        "product": 5
    }
}, {
    "model": "ecommerce.commerceratting",
    "pk": 4,
    "fields": {
        "value": "3.00",
        "comment": "Nomal",
        "name": "ERRAMI imade",
        "date_add": "2018-05-12",
        "product": 5
    }
}, {
    "model": "ecommerce.commerceratting",
    "pk": 5,
    "fields": {
        "value": "3.00",
        "comment": "No thing",
        "name": "EL KHAOUA Karim",
        "date_add": "2018-05-12",
        "product": 19
    }
}, {
    "model": "ecommerce.commerceratting",
    "pk": 6,
    "fields": {
        "value": "4.00",
        "comment": "",
        "name": "Oujri",
        "date_add": "2018-05-12",
        "product": 15
    }
}, {
    "model": "ecommerce.commerceratting",
    "pk": 7,
    "fields": {
        "value": "5.00",
        "comment": "",
        "name": "Oujri",
        "date_add": "2018-05-12",
        "product": 9
    }
}, {
    "model": "ecommerce.commerceratting",
    "pk": 8,
    "fields": {
        "value": "4.00",
        "comment": "nice !",
        "name": "OUJRI Anas",
        "date_add": "2016-11-22",
        "product": 2
    }
}, {
    "model": "ecommerce.commerceratting",
    "pk": 9,
    "fields": {
        "value": "1.00",
        "comment": "So many bugs, and the design not good at all",
        "name": "ERRAMI Imade",
        "date_add": "2017-01-02",
        "product": 2
    }
}, {
    "model": "ecommerce.commerceratting",
    "pk": 10,
    "fields": {
        "value": "1.00",
        "comment": "So ugly :/",
        "name": "Manolo Moha",
        "date_add": "2017-10-14",
        "product": 2
    }
}, {
    "model": "ecommerce.commerceratting",
    "pk": 11,
    "fields": {
        "value": "5.00",
        "comment": "Don't knock the 2 browsers, Samsung's stock browser is better than chrome. Has a great add block addon too. Also on slower updates I just got oreo on my s8 plus but honestly can't tell the difference. Don't understand the knock on slower reliable updates.\ufeff",
        "name": "TOTO Achraf",
        "date_add": "2018-05-12",
        "product": 2
    }
}, {
    "model": "ecommerce.commerceratting",
    "pk": 12,
    "fields": {
        "value": "3.00",
        "comment": "It's not big at all...it's just feel like 5 inch phone",
        "name": "Mahyaoui Ayoub",
        "date_add": "2016-02-16",
        "product": 2
    }
}, {
    "model": "ecommerce.commerceratting",
    "pk": 13,
    "fields": {
        "value": "2.00",
        "comment": "he curved screen is a pain in the neck. I do think it looks nice, but come on --- I am tired of it!!! Samsung should offer a good phone with a flat screen. They can also curve the screen on the bottom and top of the phone (not on the sides exactly...)",
        "name": "Anonymous",
        "date_add": "2017-02-20",
        "product": 2
    }
}, {
    "model": "ecommerce.commerceratting",
    "pk": 14,
    "fields": {
        "value": "5.00",
        "comment": "I'll wait for s infinity.\ufeff",
        "name": "Symon",
        "date_add": "2017-03-02",
        "product": 2
    }
}, {
    "model": "ecommerce.commerceratting",
    "pk": 15,
    "fields": {
        "value": "4.00",
        "comment": "Actually I love Samsung",
        "name": "Rax Goyal",
        "date_add": "2017-03-18",
        "product": 2
    }
}, {
    "model": "ecommerce.commerceratting",
    "pk": 16,
    "fields": {
        "value": "3.00",
        "comment": "The display is important to me so I chose the 9+.\ufeff",
        "name": "Epic Gaming",
        "date_add": "2017-05-10",
        "product": 2
    }
}, {
    "model": "ecommerce.commerceratting",
    "pk": 17,
    "fields": {
        "value": "5.00",
        "comment": "Samsung still have headphone jack while apple thinking about getting rid of their lightning port lol\ufeff",
        "name": "AKHIAT Abdillah",
        "date_add": "2017-08-13",
        "product": 2
    }
}, {
    "model": "ecommerce.commerceratting",
    "pk": 18,
    "fields": {
        "value": "3.00",
        "comment": "Does the phone have protection from parrots?\ufeff",
        "name": "CHAYEB Youssef",
        "date_add": "2018-03-24",
        "product": 2
    }
}, {
    "model": "ecommerce.color",
    "pk": 1,
    "fields": {
        "name": "None",
        "code_hex": "0"
    }
}, {
    "model": "ecommerce.color",
    "pk": 2,
    "fields": {
        "name": "Red",
        "code_hex": "#ff0000"
    }
}, {
    "model": "ecommerce.color",
    "pk": 3,
    "fields": {
        "name": "Navy",
        "code_hex": "#000066"
    }
}, {
    "model": "ecommerce.color",
    "pk": 4,
    "fields": {
        "name": "White",
        "code_hex": "#ffffff"
    }
}, {
    "model": "ecommerce.color",
    "pk": 5,
    "fields": {
        "name": "Gray",
        "code_hex": "#1f2e2e"
    }
}, {
    "model": "ecommerce.color",
    "pk": 6,
    "fields": {
        "name": "Black",
        "code_hex": "#000000"
    }
}, {
    "model": "ecommerce.color",
    "pk": 7,
    "fields": {
        "name": "Blue",
        "code_hex": "#000099"
    }
}, {
    "model": "ecommerce.color",
    "pk": 8,
    "fields": {
        "name": "Gold",
        "code_hex": "#ffcc00"
    }
}, {
    "model": "ecommerce.color",
    "pk": 9,
    "fields": {
        "name": "Green",
        "code_hex": "#00e600"
    }
}, {
    "model": "ecommerce.color",
    "pk": 10,
    "fields": {
        "name": "Pink",
        "code_hex": "#ff99cc"
    }
}, {
    "model": "ecommerce.stock",
    "pk": 1,
    "fields": {
        "quantity": 10,
        "first_quantity": 15,
        "price_sup": "0.00",
        "product": 1,
        "color": 5
    }
}, {
    "model": "ecommerce.stock",
    "pk": 2,
    "fields": {
        "quantity": 30,
        "first_quantity": 30,
        "price_sup": "500.00",
        "product": 1,
        "color": 4
    }
}, {
    "model": "ecommerce.stock",
    "pk": 3,
    "fields": {
        "quantity": 6,
        "first_quantity": 6,
        "price_sup": "0.00",
        "product": 3,
        "color": 4
    }
}, {
    "model": "ecommerce.stock",
    "pk": 4,
    "fields": {
        "quantity": 10,
        "first_quantity": 10,
        "price_sup": "0.00",
        "product": 3,
        "color": 6
    }
}, {
    "model": "ecommerce.stock",
    "pk": 5,
    "fields": {
        "quantity": 5,
        "first_quantity": 5,
        "price_sup": "0.00",
        "product": 4,
        "color": 1
    }
}, {
    "model": "ecommerce.stock",
    "pk": 6,
    "fields": {
        "quantity": 3,
        "first_quantity": 7,
        "price_sup": "0.00",
        "product": 5,
        "color": 1
    }
}, {
    "model": "ecommerce.stock",
    "pk": 7,
    "fields": {
        "quantity": 2,
        "first_quantity": 2,
        "price_sup": "0.00",
        "product": 6,
        "color": 2
    }
}, {
    "model": "ecommerce.stock",
    "pk": 8,
    "fields": {
        "quantity": 1,
        "first_quantity": 1,
        "price_sup": "10000.00",
        "product": 6,
        "color": 3
    }
}, {
    "model": "ecommerce.stock",
    "pk": 9,
    "fields": {
        "quantity": 2,
        "first_quantity": 2,
        "price_sup": "0.00",
        "product": 7,
        "color": 1
    }
}, {
    "model": "ecommerce.stock",
    "pk": 10,
    "fields": {
        "quantity": 9,
        "first_quantity": 9,
        "price_sup": "20.00",
        "product": 8,
        "color": 7
    }
}, {
    "model": "ecommerce.stock",
    "pk": 11,
    "fields": {
        "quantity": 10,
        "first_quantity": 10,
        "price_sup": "0.00",
        "product": 9,
        "color": 6
    }
}, {
    "model": "ecommerce.stock",
    "pk": 12,
    "fields": {
        "quantity": 5,
        "first_quantity": 5,
        "price_sup": "100.00",
        "product": 10,
        "color": 7
    }
}, {
    "model": "ecommerce.stock",
    "pk": 13,
    "fields": {
        "quantity": 1,
        "first_quantity": 1,
        "price_sup": "0.00",
        "product": 10,
        "color": 6
    }
}, {
    "model": "ecommerce.stock",
    "pk": 14,
    "fields": {
        "quantity": 20,
        "first_quantity": 20,
        "price_sup": "0.00",
        "product": 11,
        "color": 1
    }
}, {
    "model": "ecommerce.stock",
    "pk": 15,
    "fields": {
        "quantity": 20,
        "first_quantity": 30,
        "price_sup": "0.00",
        "product": 12,
        "color": 1
    }
}, {
    "model": "ecommerce.stock",
    "pk": 16,
    "fields": {
        "quantity": 5,
        "first_quantity": 8,
        "price_sup": "0.00",
        "product": 13,
        "color": 1
    }
}, {
    "model": "ecommerce.stock",
    "pk": 17,
    "fields": {
        "quantity": 2,
        "first_quantity": 2,
        "price_sup": "0.00",
        "product": 14,
        "color": 1
    }
}, {
    "model": "ecommerce.stock",
    "pk": 18,
    "fields": {
        "quantity": 4,
        "first_quantity": 4,
        "price_sup": "0.00",
        "product": 15,
        "color": 1
    }
}, {
    "model": "ecommerce.stock",
    "pk": 19,
    "fields": {
        "quantity": 5,
        "first_quantity": 5,
        "price_sup": "0.00",
        "product": 16,
        "color": 1
    }
}, {
    "model": "ecommerce.stock",
    "pk": 20,
    "fields": {
        "quantity": 8,
        "first_quantity": 8,
        "price_sup": "0.00",
        "product": 17,
        "color": 1
    }
}, {
    "model": "ecommerce.stock",
    "pk": 21,
    "fields": {
        "quantity": 10,
        "first_quantity": 10,
        "price_sup": "0.00",
        "product": 18,
        "color": 1
    }
}, {
    "model": "ecommerce.stock",
    "pk": 22,
    "fields": {
        "quantity": 20,
        "first_quantity": 20,
        "price_sup": "0.00",
        "product": 19,
        "color": 1
    }
}, {
    "model": "ecommerce.stock",
    "pk": 23,
    "fields": {
        "quantity": 100,
        "first_quantity": 100,
        "price_sup": "0.00",
        "product": 20,
        "color": 1
    }
}, {
    "model": "ecommerce.stock",
    "pk": 24,
    "fields": {
        "quantity": 200,
        "first_quantity": 200,
        "price_sup": "0.00",
        "product": 21,
        "color": 1
    }
}, {
    "model": "ecommerce.stock",
    "pk": 25,
    "fields": {
        "quantity": 150,
        "first_quantity": 150,
        "price_sup": "0.00",
        "product": 22,
        "color": 1
    }
}, {
    "model": "ecommerce.stock",
    "pk": 26,
    "fields": {
        "quantity": 10,
        "first_quantity": 10,
        "price_sup": "50.00",
        "product": 8,
        "color": 2
    }
}, {
    "model": "ecommerce.stock",
    "pk": 27,
    "fields": {
        "quantity": 14,
        "first_quantity": 50,
        "price_sup": "0.00",
        "product": 2,
        "color": 1
    }
}, {
    "model": "ecommerce.stock",
    "pk": 28,
    "fields": {
        "quantity": 2,
        "first_quantity": 30,
        "price_sup": "30.00",
        "product": 24,
        "color": 3
    }
}, {
    "model": "ecommerce.stock",
    "pk": 29,
    "fields": {
        "quantity": 4,
        "first_quantity": 30,
        "price_sup": "40.00",
        "product": 24,
        "color": 5
    }
}, {
    "model": "ecommerce.stock",
    "pk": 30,
    "fields": {
        "quantity": 35,
        "first_quantity": 50,
        "price_sup": "0.00",
        "product": 25,
        "color": 1
    }
}, {
    "model": "ecommerce.stock",
    "pk": 31,
    "fields": {
        "quantity": 10,
        "first_quantity": 49,
        "price_sup": "60.00",
        "product": 24,
        "color": 2
    }
}, {
    "model": "ecommerce.stock",
    "pk": 32,
    "fields": {
        "quantity": 4,
        "first_quantity": 200,
        "price_sup": "40.00",
        "product": 1,
        "color": 8
    }
}, {
    "model": "ecommerce.stock",
    "pk": 33,
    "fields": {
        "quantity": 5,
        "first_quantity": 30,
        "price_sup": "70.00",
        "product": 24,
        "color": 9
    }
}, {
    "model": "ecommerce.stock",
    "pk": 34,
    "fields": {
        "quantity": 12,
        "first_quantity": 100,
        "price_sup": "300.00",
        "product": 1,
        "color": 10
    }
}, {
    "model": "ecommerce.specification",
    "pk": 1,
    "fields": {
        "name": "Syst\u00e8me",
        "value": "Android 8",
        "product": 2
    }
}, {
    "model": "ecommerce.specification",
    "pk": 2,
    "fields": {
        "name": "Interface utilisateur",
        "value": "Experience 9.0",
        "product": 2
    }
}, {
    "model": "ecommerce.specification",
    "pk": 3,
    "fields": {
        "name": "Processeur",
        "value": "Samsung Exynos 9810",
        "product": 2
    }
}, {
    "model": "ecommerce.specification",
    "pk": 4,
    "fields": {
        "name": "Nombre de coeurs",
        "value": "8",
        "product": 2
    }
}, {
    "model": "ecommerce.specification",
    "pk": 5,
    "fields": {
        "name": "Fr\u00e9quence processeur",
        "value": "2.7 GHz",
        "product": 2
    }
}, {
    "model": "ecommerce.specification",
    "pk": 6,
    "fields": {
        "name": "Puce graphique",
        "value": "ARM Mali G72 MP18",
        "product": 2
    }
}, {
    "model": "ecommerce.specification",
    "pk": 7,
    "fields": {
        "name": "Support cartes m\u00e9moire",
        "value": "Oui",
        "product": 2
    }
}, {
    "model": "ecommerce.specification",
    "pk": 8,
    "fields": {
        "name": "Type de cartes support\u00e9es",
        "value": "microSD, microSDHC, microSDXC",
        "product": 2
    }
}, {
    "model": "ecommerce.specification",
    "pk": 9,
    "fields": {
        "name": "M\u00e9moire vive (RAM)",
        "value": "4 Go",
        "product": 2
    }
}, {
    "model": "ecommerce.specification",
    "pk": 10,
    "fields": {
        "name": "Capacit\u00e9",
        "value": "64 Go",
        "product": 2
    }
}, {
    "model": "ecommerce.specification",
    "pk": 11,
    "fields": {
        "name": "M\u00e9moire flash Libre",
        "value": "52.5 Go",
        "product": 2
    }
}, {
    "model": "ecommerce.specification",
    "pk": 12,
    "fields": {
        "name": "Indice DAS",
        "value": "0.362 W/kg",
        "product": 2
    }
}, {
    "model": "ecommerce.specification",
    "pk": 13,
    "fields": {
        "name": "Indice de protection (\u00e9tanch\u00e9it\u00e9)",
        "value": "IP 68",
        "product": 2
    }
}, {
    "model": "ecommerce.specification",
    "pk": 14,
    "fields": {
        "name": "Double SIM",
        "value": "Oui",
        "product": 2
    }
}, {
    "model": "ecommerce.specification",
    "pk": 15,
    "fields": {
        "name": "Support du Wi-Fi",
        "value": "Oui",
        "product": 2
    }
}, {
    "model": "ecommerce.specification",
    "pk": 16,
    "fields": {
        "name": "Norme Wi-Fi",
        "value": "Wi-Fi 802.11a, Wi-Fi 802.11b, Wi-Fi 802.11ac, Wi-Fi 802.11g, Wi-Fi 802.11n",
        "product": 2
    }
}, {
    "model": "ecommerce.specification",
    "pk": 17,
    "fields": {
        "name": "Support Bluetooth",
        "value": "Oui",
        "product": 2
    }
}, {
    "model": "ecommerce.specification",
    "pk": 18,
    "fields": {
        "name": "Version Bluetooth",
        "value": "Bluetooth 5.0",
        "product": 2
    }
}, {
    "model": "ecommerce.specification",
    "pk": 19,
    "fields": {
        "name": "Support du NFC",
        "value": "Oui",
        "product": 2
    }
}, {
    "model": "ecommerce.specification",
    "pk": 20,
    "fields": {
        "name": "Support de l'infra-rouge (IrDA)",
        "value": "Non",
        "product": 2
    }
}, {
    "model": "ecommerce.specification",
    "pk": 21,
    "fields": {
        "name": "Capteur photo principal",
        "value": "12 Mpx",
        "product": 2
    }
}, {
    "model": "ecommerce.sale",
    "pk": 1,
    "fields": {
        "percentage": 10,
        "date_end": "2018-10-06T22:43:49Z",
        "product": 1,
        "is_daily": true
    }
}, {
    "model": "ecommerce.sale",
    "pk": 2,
    "fields": {
        "percentage": 5,
        "date_end": "2018-07-19T22:44:39Z",
        "product": 2,
        "is_daily": false
    }
}, {
    "model": "ecommerce.sale",
    "pk": 3,
    "fields": {
        "percentage": 20,
        "date_end": "2018-08-23T22:44:57Z",
        "product": 4,
        "is_daily": false
    }
}, {
    "model": "ecommerce.sale",
    "pk": 4,
    "fields": {
        "percentage": 23,
        "date_end": "2018-07-17T13:45:54Z",
        "product": 5,
        "is_daily": true
    }
}, {
    "model": "ecommerce.sale",
    "pk": 5,
    "fields": {
        "percentage": 50,
        "date_end": "2018-10-10T12:46:23Z",
        "product": 7,
        "is_daily": false
    }
}, {
    "model": "ecommerce.sale",
    "pk": 6,
    "fields": {
        "percentage": 30,
        "date_end": "2018-09-21T20:46:34Z",
        "product": 8,
        "is_daily": false
    }
}, {
    "model": "ecommerce.sale",
    "pk": 7,
    "fields": {
        "percentage": 70,
        "date_end": "2018-06-21T19:37:03Z",
        "product": 9,
        "is_daily": false
    }
}, {
    "model": "ecommerce.sale",
    "pk": 8,
    "fields": {
        "percentage": 60,
        "date_end": "2018-08-02T21:17:42Z",
        "product": 10,
        "is_daily": false
    }
}, {
    "model": "ecommerce.sale",
    "pk": 9,
    "fields": {
        "percentage": 29,
        "date_end": "2018-10-11T01:47:56Z",
        "product": 11,
        "is_daily": false
    }
}, {
    "model": "ecommerce.sale",
    "pk": 10,
    "fields": {
        "percentage": 90,
        "date_end": "2018-11-04T02:48:10Z",
        "product": 12,
        "is_daily": true
    }
}, {
    "model": "ecommerce.sale",
    "pk": 11,
    "fields": {
        "percentage": 50,
        "date_end": "2018-09-12T17:34:29Z",
        "product": 13,
        "is_daily": true
    }
}, {
    "model": "ecommerce.sale",
    "pk": 12,
    "fields": {
        "percentage": 10,
        "date_end": "2018-07-04T11:48:50Z",
        "product": 14,
        "is_daily": false
    }
}, {
    "model": "ecommerce.sale",
    "pk": 13,
    "fields": {
        "percentage": 40,
        "date_end": "2018-09-04T22:49:01Z",
        "product": 15,
        "is_daily": true
    }
}, {
    "model": "ecommerce.sale",
    "pk": 14,
    "fields": {
        "percentage": 60,
        "date_end": "2018-08-04T12:49:13Z",
        "product": 16,
        "is_daily": false
    }
}, {
    "model": "ecommerce.sale",
    "pk": 15,
    "fields": {
        "percentage": 80,
        "date_end": "2018-09-04T10:49:22Z",
        "product": 19,
        "is_daily": true
    }
}, {
    "model": "ecommerce.sale",
    "pk": 16,
    "fields": {
        "percentage": 5,
        "date_end": "2019-01-04T06:49:29Z",
        "product": 21,
        "is_daily": false
    }
}, {
    "model": "ecommerce.sale",
    "pk": 17,
    "fields": {
        "percentage": 1,
        "date_end": "2017-05-05T16:55:01Z",
        "product": 1,
        "is_daily": false
    }
}, {
    "model": "ecommerce.sale",
    "pk": 18,
    "fields": {
        "percentage": 50,
        "date_end": "2019-05-12T23:10:19Z",
        "product": 24,
        "is_daily": true
    }
}, {
    "model": "ecommerce.wishlist",
    "pk": 8,
    "fields": {
        "user": 1,
        "product": 11
    }
}, {
    "model": "ecommerce.wishlist",
    "pk": 10,
    "fields": {
        "user": 1,
        "product": 26
    }
}, {
    "model": "ecommerce.wishlist",
    "pk": 12,
    "fields": {
        "user": 1,
        "product": 10
    }
}, {
    "model": "ecommerce.wishlist",
    "pk": 27,
    "fields": {
        "user": 1,
        "product": 14
    }
}, {
    "model": "ecommerce.cart",
    "pk": 1,
    "fields": {
        "quantity": 1,
        "user": 1,
        "product": 13,
        "color": 1
    }
}, {
    "model": "ecommerce.cart",
    "pk": 4,
    "fields": {
        "quantity": 2,
        "user": 1,
        "product": 2,
        "color": 1
    }
}, {
    "model": "ecommerce.cart",
    "pk": 108,
    "fields": {
        "quantity": 1,
        "user": 1,
        "product": 10,
        "color": 7
    }
}, {
    "model": "ecommerce.cart",
    "pk": 109,
    "fields": {
        "quantity": 2,
        "user": 1,
        "product": 24,
        "color": 3
    }
}, {
    "model": "ecommerce.slide",
    "pk": 1,
    "fields": {
        "image": "slides/2018/05/04/slide-1_d9bd3ba1ce_6e1d904bee_b9bc110802.jpg",
        "product": 2,
        "date_add": "2018-05-04",
        "active": true
    }
}, {
    "model": "ecommerce.slide",
    "pk": 2,
    "fields": {
        "image": "slides/2018/05/04/slide-2_9966b42e6e_6a557aee6f_492473fd61.jpg",
        "product": 27,
        "date_add": "2018-05-04",
        "active": true
    }
}, {
    "model": "ecommerce.slide",
    "pk": 3,
    "fields": {
        "image": "slides/2018/05/04/slide-3_2e12fa09ed_b5ceda687b_fb36068f71.jpg",
        "product": 6,
        "date_add": "2018-05-04",
        "active": true
    }
}, {
    "model": "ecommerce.slide",
    "pk": 4,
    "fields": {
        "image": "slides/2018/05/04/slide-4_f7254a9f81_92d16f4b3f_0c2a189938.jpg",
        "product": 9,
        "date_add": "2018-05-04",
        "active": true
    }
}, {
    "model": "ecommerce.shippingaddress",
    "pk": 5,
    "fields": {
        "user": 1
    }
}, {
    "model": "ecommerce.shippingaddress",
    "pk": 7,
    "fields": {
        "user": 3
    }
}, {
    "model": "ecommerce.billingaddress",
    "pk": 4,
    "fields": {
        "user": 1
    }
}, {
    "model": "ecommerce.billingaddress",
    "pk": 6,
    "fields": {
        "user": 3
    }
}, {
    "model": "ecommerce.mailing",
    "pk": 2,
    "fields": {
        "email": "erramiimade@gmail.com",
        "active": true,
        "date_add": "2018-05-11"
    }
}, {
    "model": "ecommerce.mailing",
    "pk": 6,
    "fields": {
        "email": "oujrianass3@gmail.com",
        "active": false,
        "date_add": "2018-05-11"
    }
}, {
    "model": "ecommerce.mailing",
    "pk": 7,
    "fields": {
        "email": "elkhaouakarim@gmail.com",
        "active": true,
        "date_add": "2018-05-13"
    }
}, {
    "model": "ecommerce.message",
    "pk": 1,
    "fields": {
        "name": "EL KHAOUA Karim",
        "email": "elkhaouakarim@gmail.com",
        "message": "Hello, Thank you.",
        "date_add": "2018-05-13"
    }
}, {
    "model": "ecommerce.message",
    "pk": 2,
    "fields": {
        "name": "EL KHAOUA Karim",
        "email": "elkhaouakarim@gmail.com",
        "message": "Message 2",
        "date_add": "2018-05-13"
    }
}, {
    "model": "ecommerce.message",
    "pk": 3,
    "fields": {
        "name": "EL KHAOUA Karim",
        "email": "elkhaouakarim@gmail.com",
        "message": "my message 3",
        "date_add": "2018-05-13"
    }
}, {
    "model": "ecommerce.message",
    "pk": 4,
    "fields": {
        "name": "EL KHAOUA Karim",
        "email": "elkhaouakarim@gmail.com",
        "message": "my message 3",
        "date_add": "2018-05-13"
    }
}, {
    "model": "ecommerce.message",
    "pk": 5,
    "fields": {
        "name": "EL KHAOUA Karim",
        "email": "elkhaouakarim@gmail.com",
        "message": "Hello, my message 4",
        "date_add": "2018-05-13"
    }
}, {
    "model": "ecommerce.message",
    "pk": 6,
    "fields": {
        "name": "Anonymous",
        "email": "anonymous@nonymous.com",
        "message": "Hi",
        "date_add": "2018-05-13"
    }
}, {
    "model": "ecommerce.description",
    "pk": 1,
    "fields": {
        "text": "<p>\r\n                                            The 30-inch Apple Cinema HD Display delivers an amazing 2560 x 1600 pixel resolution. Designed specifically for the creative professional, this display provides more space for easier access to all the tools and palettes needed to edit, format and composite your work. Combine this display with a Mac Pro, MacBook Pro, or PowerMac G5 and there's no limit to what you can achieve. <br>\r\n                                            <br>\r\n                                            The Cinema HD features an active-matrix liquid crystal display that produces flicker-free images that deliver twice the brightness, twice the sharpness and twice the contrast ratio of a typical CRT display. Unlike other flat panels, it's designed with a pure digital interface to deliver distortion-free images that never need adjusting. With over 4 million digital pixels, the display is uniquely suited for scientific and technical applications such as visualizing molecular structures or analyzing geological data. <br>\r\n                                            <br>\r\n                                            Offering accurate, brilliant color performance, the Cinema HD delivers up to 16.7 million colors across a wide gamut allowing you to see subtle nuances between colors from soft pastels to rich jewel tones. A wide viewing angle ensures uniform color from edge to edge. Apple's ColorSync technology allows you to create custom profiles to maintain consistent color onscreen and in print. The result: You can confidently use this display in all your color-critical applications. <br>\r\n                                            <br>\r\n                                            Housed in a new aluminum design, the display has a very thin bezel that enhances visual accuracy. Each display features two FireWire 400 ports and two USB 2.0 ports, making attachment of desktop peripherals, such as iSight, iPod, digital and still cameras, hard drives, printers and scanners, even more accessible and convenient. Taking advantage of the much thinner and lighter footprint of an LCD, the new displays support the VESA (Video Electronics Standards Association) mounting interface standard. Customers with the optional Cinema Display VESA Mount Adapter kit gain the flexibility to mount their display in locations most appropriate for their work environment. <br>\r\n                                            <br>\r\n                                            The Cinema HD features a single cable design with elegant breakout for the USB 2.0, FireWire 400 and a pure digital connection using the industry standard Digital Video Interface (DVI) interface. The DVI connection allows for a direct pure-digital connection.<br>\r\n                                        </p>\r\n                                        <h3>\r\n                                            Features:\r\n                                        </h3>\r\n                                        <p>\r\n                                            Unrivaled display performance\r\n                                        </p>\r\n                                        <ul>\r\n                                            <li>\r\n                                                30-inch (viewable) active-matrix liquid crystal display provides breathtaking image quality and vivid, richly saturated color.\r\n                                            </li>\r\n                                            <li>\r\n                                                Support for 2560-by-1600 pixel resolution for display of high definition still and video imagery.\r\n                                            </li>\r\n                                            <li>\r\n                                                Wide-format design for simultaneous display of two full pages of text and graphics.\r\n                                            </li>\r\n                                            <li>\r\n                                                Industry standard DVI connector for direct attachment to Mac- and Windows-based desktops and notebooks\r\n                                            </li>\r\n                                            <li>\r\n                                                Incredibly wide (170 degree) horizontal and vertical viewing angle for maximum visibility and color performance.\r\n                                            </li>\r\n                                            <li>\r\n                                                Lightning-fast pixel response for full-motion digital video playback.\r\n                                            </li>\r\n                                            <li>\r\n                                                Support for 16.7 million saturated colors, for use in all graphics-intensive applications.\r\n                                            </li>\r\n                                        </ul>\r\n                                        <p>\r\n                                            Simple setup and operation\r\n                                        </p>\r\n                                        <ul>\r\n                                            <li>\r\n                                                Single cable with elegant breakout for connection to DVI, USB and FireWire ports\r\n                                            </li>\r\n                                            <li>\r\n                                                Built-in two-port USB 2.0 hub for easy connection of desktop peripheral devices.\r\n                                            </li>\r\n                                            <li>\r\n                                                Two FireWire 400 ports to support iSight and other desktop peripherals\r\n                                            </li>\r\n                                        </ul>\r\n                                        <p>\r\n                                            Sleek, elegant design\r\n                                        </p>\r\n                                        <ul>\r\n                                            <li>\r\n                                                Huge virtual workspace, very small footprint.\r\n                                            </li>\r\n                                            <li>\r\n                                                Narrow Bezel design to minimize visual impact of using dual displays\r\n                                            </li>\r\n                                            <li>\r\n                                                Unique hinge design for effortless adjustment\r\n                                            </li>\r\n                                            <li>\r\n                                                Support for VESA mounting solutions (Apple Cinema Display VESA Mount Adapter sold separately)\r\n                                            </li>\r\n                                        </ul>\r\n                                        <h3>\r\n                                            Technical specifications\r\n                                        </h3>\r\n                                        <p>\r\n                                            <b>Screen size (diagonal viewable image size)</b>\r\n                                        </p>\r\n                                        <ul>\r\n                                            <li>\r\n                                                Apple Cinema HD Display: 30 inches (29.7-inch viewable)\r\n                                            </li>\r\n                                        </ul>\r\n                                        <p>\r\n                                            <b>Screen type</b>\r\n                                        </p>\r\n                                        <ul>\r\n                                            <li>\r\n                                                Thin film transistor (TFT) active-matrix liquid crystal display (AMLCD)\r\n                                            </li>\r\n                                        </ul>",
        "product": 1
    }
}, {
    "model": "ecommerce.description",
    "pk": 2,
    "fields": {
        "text": "<p>\r\n                                            The 30-inch Apple Cinema HD Display delivers an amazing 2560 x 1600 pixel resolution. Designed specifically for the creative professional, this display provides more space for easier access to all the tools and palettes needed to edit, format and composite your work. Combine this display with a Mac Pro, MacBook Pro, or PowerMac G5 and there's no limit to what you can achieve. <br>\r\n                                            <br>\r\n                                            The Cinema HD features an active-matrix liquid crystal display that produces flicker-free images that deliver twice the brightness, twice the sharpness and twice the contrast ratio of a typical CRT display. Unlike other flat panels, it's designed with a pure digital interface to deliver distortion-free images that never need adjusting. With over 4 million digital pixels, the display is uniquely suited for scientific and technical applications such as visualizing molecular structures or analyzing geological data. <br>\r\n                                            <br>\r\n                                            Offering accurate, brilliant color performance, the Cinema HD delivers up to 16.7 million colors across a wide gamut allowing you to see subtle nuances between colors from soft pastels to rich jewel tones. A wide viewing angle ensures uniform color from edge to edge. Apple's ColorSync technology allows you to create custom profiles to maintain consistent color onscreen and in print. The result: You can confidently use this display in all your color-critical applications. <br>\r\n                                            <br>\r\n                                            Housed in a new aluminum design, the display has a very thin bezel that enhances visual accuracy. Each display features two FireWire 400 ports and two USB 2.0 ports, making attachment of desktop peripherals, such as iSight, iPod, digital and still cameras, hard drives, printers and scanners, even more accessible and convenient. Taking advantage of the much thinner and lighter footprint of an LCD, the new displays support the VESA (Video Electronics Standards Association) mounting interface standard. Customers with the optional Cinema Display VESA Mount Adapter kit gain the flexibility to mount their display in locations most appropriate for their work environment. <br>\r\n                                            <br>\r\n                                            The Cinema HD features a single cable design with elegant breakout for the USB 2.0, FireWire 400 and a pure digital connection using the industry standard Digital Video Interface (DVI) interface. The DVI connection allows for a direct pure-digital connection.<br>\r\n                                        </p>\r\n                                        <h3>\r\n                                            Features:\r\n                                        </h3>\r\n                                        <p>\r\n                                            Unrivaled display performance\r\n                                        </p>\r\n                                        <ul>\r\n                                            <li>\r\n                                                30-inch (viewable) active-matrix liquid crystal display provides breathtaking image quality and vivid, richly saturated color.\r\n                                            </li>\r\n                                            <li>\r\n                                                Support for 2560-by-1600 pixel resolution for display of high definition still and video imagery.\r\n                                            </li>\r\n                                            <li>\r\n                                                Wide-format design for simultaneous display of two full pages of text and graphics.\r\n                                            </li>\r\n                                            <li>\r\n                                                Industry standard DVI connector for direct attachment to Mac- and Windows-based desktops and notebooks\r\n                                            </li>\r\n                                            <li>\r\n                                                Incredibly wide (170 degree) horizontal and vertical viewing angle for maximum visibility and color performance.\r\n                                            </li>\r\n                                            <li>\r\n                                                Lightning-fast pixel response for full-motion digital video playback.\r\n                                            </li>\r\n                                            <li>\r\n                                                Support for 16.7 million saturated colors, for use in all graphics-intensive applications.\r\n                                            </li>\r\n                                        </ul>\r\n                                        <p>\r\n                                            Simple setup and operation\r\n                                        </p>\r\n                                        <ul>\r\n                                            <li>\r\n                                                Single cable with elegant breakout for connection to DVI, USB and FireWire ports\r\n                                            </li>\r\n                                            <li>\r\n                                                Built-in two-port USB 2.0 hub for easy connection of desktop peripheral devices.\r\n                                            </li>\r\n                                            <li>\r\n                                                Two FireWire 400 ports to support iSight and other desktop peripherals\r\n                                            </li>\r\n                                        </ul>\r\n                                        <p>\r\n                                            Sleek, elegant design\r\n                                        </p>\r\n                                        <ul>\r\n                                            <li>\r\n                                                Huge virtual workspace, very small footprint.\r\n                                            </li>\r\n                                            <li>\r\n                                                Narrow Bezel design to minimize visual impact of using dual displays\r\n                                            </li>\r\n                                            <li>\r\n                                                Unique hinge design for effortless adjustment\r\n                                            </li>\r\n                                            <li>\r\n                                                Support for VESA mounting solutions (Apple Cinema Display VESA Mount Adapter sold separately)\r\n                                            </li>\r\n                                        </ul>\r\n                                        <h3>\r\n                                            Technical specifications\r\n                                        </h3>\r\n                                        <p>\r\n                                            <b>Screen size (diagonal viewable image size)</b>\r\n                                        </p>\r\n                                        <ul>\r\n                                            <li>\r\n                                                Apple Cinema HD Display: 30 inches (29.7-inch viewable)\r\n                                            </li>\r\n                                        </ul>\r\n                                        <p>\r\n                                            <b>Screen type</b>\r\n                                        </p>\r\n                                        <ul>\r\n                                            <li>\r\n                                                Thin film transistor (TFT) active-matrix liquid crystal display (AMLCD)\r\n                                            </li>\r\n                                        </ul>",
        "product": 2
    }
}, {
    "model": "ecommerce.description",
    "pk": 3,
    "fields": {
        "text": "<p>\r\n                                            The 30-inch Apple Cinema HD Display delivers an amazing 2560 x 1600 pixel resolution. Designed specifically for the creative professional, this display provides more space for easier access to all the tools and palettes needed to edit, format and composite your work. Combine this display with a Mac Pro, MacBook Pro, or PowerMac G5 and there's no limit to what you can achieve. <br>\r\n                                            <br>\r\n                                            The Cinema HD features an active-matrix liquid crystal display that produces flicker-free images that deliver twice the brightness, twice the sharpness and twice the contrast ratio of a typical CRT display. Unlike other flat panels, it's designed with a pure digital interface to deliver distortion-free images that never need adjusting. With over 4 million digital pixels, the display is uniquely suited for scientific and technical applications such as visualizing molecular structures or analyzing geological data. <br>\r\n                                            <br>\r\n                                            Offering accurate, brilliant color performance, the Cinema HD delivers up to 16.7 million colors across a wide gamut allowing you to see subtle nuances between colors from soft pastels to rich jewel tones. A wide viewing angle ensures uniform color from edge to edge. Apple's ColorSync technology allows you to create custom profiles to maintain consistent color onscreen and in print. The result: You can confidently use this display in all your color-critical applications. <br>\r\n                                            <br>\r\n                                            Housed in a new aluminum design, the display has a very thin bezel that enhances visual accuracy. Each display features two FireWire 400 ports and two USB 2.0 ports, making attachment of desktop peripherals, such as iSight, iPod, digital and still cameras, hard drives, printers and scanners, even more accessible and convenient. Taking advantage of the much thinner and lighter footprint of an LCD, the new displays support the VESA (Video Electronics Standards Association) mounting interface standard. Customers with the optional Cinema Display VESA Mount Adapter kit gain the flexibility to mount their display in locations most appropriate for their work environment. <br>\r\n                                            <br>\r\n                                            The Cinema HD features a single cable design with elegant breakout for the USB 2.0, FireWire 400 and a pure digital connection using the industry standard Digital Video Interface (DVI) interface. The DVI connection allows for a direct pure-digital connection.<br>\r\n                                        </p>\r\n                                        <h3>\r\n                                            Features:\r\n                                        </h3>\r\n                                        <p>\r\n                                            Unrivaled display performance\r\n                                        </p>\r\n                                        <ul>\r\n                                            <li>\r\n                                                30-inch (viewable) active-matrix liquid crystal display provides breathtaking image quality and vivid, richly saturated color.\r\n                                            </li>\r\n                                            <li>\r\n                                                Support for 2560-by-1600 pixel resolution for display of high definition still and video imagery.\r\n                                            </li>\r\n                                            <li>\r\n                                                Wide-format design for simultaneous display of two full pages of text and graphics.\r\n                                            </li>\r\n                                            <li>\r\n                                                Industry standard DVI connector for direct attachment to Mac- and Windows-based desktops and notebooks\r\n                                            </li>\r\n                                            <li>\r\n                                                Incredibly wide (170 degree) horizontal and vertical viewing angle for maximum visibility and color performance.\r\n                                            </li>\r\n                                            <li>\r\n                                                Lightning-fast pixel response for full-motion digital video playback.\r\n                                            </li>\r\n                                            <li>\r\n                                                Support for 16.7 million saturated colors, for use in all graphics-intensive applications.\r\n                                            </li>\r\n                                        </ul>\r\n                                        <p>\r\n                                            Simple setup and operation\r\n                                        </p>\r\n                                        <ul>\r\n                                            <li>\r\n                                                Single cable with elegant breakout for connection to DVI, USB and FireWire ports\r\n                                            </li>\r\n                                            <li>\r\n                                                Built-in two-port USB 2.0 hub for easy connection of desktop peripheral devices.\r\n                                            </li>\r\n                                            <li>\r\n                                                Two FireWire 400 ports to support iSight and other desktop peripherals\r\n                                            </li>\r\n                                        </ul>\r\n                                        <p>\r\n                                            Sleek, elegant design\r\n                                        </p>\r\n                                        <ul>\r\n                                            <li>\r\n                                                Huge virtual workspace, very small footprint.\r\n                                            </li>\r\n                                            <li>\r\n                                                Narrow Bezel design to minimize visual impact of using dual displays\r\n                                            </li>\r\n                                            <li>\r\n                                                Unique hinge design for effortless adjustment\r\n                                            </li>\r\n                                            <li>\r\n                                                Support for VESA mounting solutions (Apple Cinema Display VESA Mount Adapter sold separately)\r\n                                            </li>\r\n                                        </ul>\r\n                                        <h3>\r\n                                            Technical specifications\r\n                                        </h3>\r\n                                        <p>\r\n                                            <b>Screen size (diagonal viewable image size)</b>\r\n                                        </p>\r\n                                        <ul>\r\n                                            <li>\r\n                                                Apple Cinema HD Display: 30 inches (29.7-inch viewable)\r\n                                            </li>\r\n                                        </ul>\r\n                                        <p>\r\n                                            <b>Screen type</b>\r\n                                        </p>\r\n                                        <ul>\r\n                                            <li>\r\n                                                Thin film transistor (TFT) active-matrix liquid crystal display (AMLCD)\r\n                                            </li>\r\n                                        </ul>",
        "product": 5
    }
}, {
    "model": "ecommerce.compare",
    "pk": 3,
    "fields": {
        "user": 1,
        "product": 2
    }
}, {
    "model": "ecommerce.compare",
    "pk": 4,
    "fields": {
        "user": 1,
        "product": 1
    }
}, {
    "model": "sessions.session",
    "pk": "3c102tku0m5hztqq3swmmngb5r9ac0wy",
    "fields": {
        "session_data": "MDhjZjA1ODQwODQ3YjJlY2I5NDE1ODcxZDFiZWI0M2FkOWUxNzRmMDp7Il9hdXRoX3VzZXJfaWQiOiIxIiwiX2F1dGhfdXNlcl9iYWNrZW5kIjoiZGphbmdvLmNvbnRyaWIuYXV0aC5iYWNrZW5kcy5Nb2RlbEJhY2tlbmQiLCJfYXV0aF91c2VyX2hhc2giOiJkOGM1YzE5YWVlZDQyNTFjOGFlYmNjNDFkYzFiYmU4YjUxMjI2NmI5In0=",
        "expire_date": "2018-05-25T02:45:55.467Z"
    }
}, {
    "model": "sessions.session",
    "pk": "4nsyvic4g3gsvex3iesgizcd82v9nc5b",
    "fields": {
        "session_data": "MDhjZjA1ODQwODQ3YjJlY2I5NDE1ODcxZDFiZWI0M2FkOWUxNzRmMDp7Il9hdXRoX3VzZXJfaWQiOiIxIiwiX2F1dGhfdXNlcl9iYWNrZW5kIjoiZGphbmdvLmNvbnRyaWIuYXV0aC5iYWNrZW5kcy5Nb2RlbEJhY2tlbmQiLCJfYXV0aF91c2VyX2hhc2giOiJkOGM1YzE5YWVlZDQyNTFjOGFlYmNjNDFkYzFiYmU4YjUxMjI2NmI5In0=",
        "expire_date": "2018-05-25T02:45:55.037Z"
    }
}, {
    "model": "sessions.session",
    "pk": "dbuyart7kpvkd4e8g6s73q8mrxkrdjzs",
    "fields": {
        "session_data": "MDhjZjA1ODQwODQ3YjJlY2I5NDE1ODcxZDFiZWI0M2FkOWUxNzRmMDp7Il9hdXRoX3VzZXJfaWQiOiIxIiwiX2F1dGhfdXNlcl9iYWNrZW5kIjoiZGphbmdvLmNvbnRyaWIuYXV0aC5iYWNrZW5kcy5Nb2RlbEJhY2tlbmQiLCJfYXV0aF91c2VyX2hhc2giOiJkOGM1YzE5YWVlZDQyNTFjOGFlYmNjNDFkYzFiYmU4YjUxMjI2NmI5In0=",
        "expire_date": "2018-05-20T22:03:00.154Z"
    }
}, {
    "model": "sessions.session",
    "pk": "dm3a5uthng9bn8otthraq6frf1qyg2d5",
    "fields": {
        "session_data": "MDhjZjA1ODQwODQ3YjJlY2I5NDE1ODcxZDFiZWI0M2FkOWUxNzRmMDp7Il9hdXRoX3VzZXJfaWQiOiIxIiwiX2F1dGhfdXNlcl9iYWNrZW5kIjoiZGphbmdvLmNvbnRyaWIuYXV0aC5iYWNrZW5kcy5Nb2RlbEJhY2tlbmQiLCJfYXV0aF91c2VyX2hhc2giOiJkOGM1YzE5YWVlZDQyNTFjOGFlYmNjNDFkYzFiYmU4YjUxMjI2NmI5In0=",
        "expire_date": "2018-05-25T02:45:54.325Z"
    }
}, {
    "model": "sessions.session",
    "pk": "dwz3ryj1v8l1byb3xqayn61140pxrzd5",
    "fields": {
        "session_data": "MDhjZjA1ODQwODQ3YjJlY2I5NDE1ODcxZDFiZWI0M2FkOWUxNzRmMDp7Il9hdXRoX3VzZXJfaWQiOiIxIiwiX2F1dGhfdXNlcl9iYWNrZW5kIjoiZGphbmdvLmNvbnRyaWIuYXV0aC5iYWNrZW5kcy5Nb2RlbEJhY2tlbmQiLCJfYXV0aF91c2VyX2hhc2giOiJkOGM1YzE5YWVlZDQyNTFjOGFlYmNjNDFkYzFiYmU4YjUxMjI2NmI5In0=",
        "expire_date": "2018-05-25T02:45:53.681Z"
    }
}, {
    "model": "sessions.session",
    "pk": "k85gxrr8drhkqcyproj4d3gxkjvz69wa",
    "fields": {
        "session_data": "MDhjZjA1ODQwODQ3YjJlY2I5NDE1ODcxZDFiZWI0M2FkOWUxNzRmMDp7Il9hdXRoX3VzZXJfaWQiOiIxIiwiX2F1dGhfdXNlcl9iYWNrZW5kIjoiZGphbmdvLmNvbnRyaWIuYXV0aC5iYWNrZW5kcy5Nb2RlbEJhY2tlbmQiLCJfYXV0aF91c2VyX2hhc2giOiJkOGM1YzE5YWVlZDQyNTFjOGFlYmNjNDFkYzFiYmU4YjUxMjI2NmI5In0=",
        "expire_date": "2018-05-20T01:15:56.578Z"
    }
}, {
    "model": "sessions.session",
    "pk": "lqdzgcpx72y7ejjgn35oir0p4sn9esp1",
    "fields": {
        "session_data": "ZjYwYmViZWM3ZTdjMWZkOTljNGExYzUxZTQ5ZTlmY2Q4ZjdiNjU4NDp7Il9hdXRoX3VzZXJfaWQiOiIxIiwiX2F1dGhfdXNlcl9iYWNrZW5kIjoiZGphbmdvLmNvbnRyaWIuYXV0aC5iYWNrZW5kcy5Nb2RlbEJhY2tlbmQiLCJfYXV0aF91c2VyX2hhc2giOiJkOGM1YzE5YWVlZDQyNTFjOGFlYmNjNDFkYzFiYmU4YjUxMjI2NmI5IiwiY2F0ZWdvcnlfaWQiOiIwIiwid29yZCI6ImEiLCJtYXhfdmFsdWUiOiI1MDAwLjAwIiwibWluX3ZhbHVlIjoiMS4wMCJ9",
        "expire_date": "2018-05-25T14:51:56.937Z"
    }
}, {
    "model": "sessions.session",
    "pk": "o7v99jsvkaxs40f433wkrtxo2mzoyjqr",
    "fields": {
        "session_data": "NDQ5MGI4YWVlMTJhY2VhYWY2YzljOGZjZjNlNGI2NzAyOTg2MmI2MDp7ImNhdGVnb3J5X2lkIjoiMCIsIndvcmQiOiJhIn0=",
        "expire_date": "2018-05-25T02:44:15.317Z"
    }
}, {
    "model": "sessions.session",
    "pk": "qygowuaxx1dh75ustszmk1kedlc33lec",
    "fields": {
        "session_data": "MDhjZjA1ODQwODQ3YjJlY2I5NDE1ODcxZDFiZWI0M2FkOWUxNzRmMDp7Il9hdXRoX3VzZXJfaWQiOiIxIiwiX2F1dGhfdXNlcl9iYWNrZW5kIjoiZGphbmdvLmNvbnRyaWIuYXV0aC5iYWNrZW5kcy5Nb2RlbEJhY2tlbmQiLCJfYXV0aF91c2VyX2hhc2giOiJkOGM1YzE5YWVlZDQyNTFjOGFlYmNjNDFkYzFiYmU4YjUxMjI2NmI5In0=",
        "expire_date": "2018-05-25T02:45:55.983Z"
    }
}, {
    "model": "sessions.session",
    "pk": "sj0z1p16ykf90xoiduhqfhis67u0hlef",
    "fields": {
        "session_data": "MTZhYTdlOTRhYTFhMTJiZjk1YzYyMDgwNmE1NmI0NWNlNDczNDE5Zjp7Il9hdXRoX3VzZXJfaWQiOiIxIiwiX2F1dGhfdXNlcl9iYWNrZW5kIjoiZGphbmdvLmNvbnRyaWIuYXV0aC5iYWNrZW5kcy5Nb2RlbEJhY2tlbmQiLCJfYXV0aF91c2VyX2hhc2giOiJkOGM1YzE5YWVlZDQyNTFjOGFlYmNjNDFkYzFiYmU4YjUxMjI2NmI5IiwiY2F0ZWdvcnlfaWQiOiIwIiwid29yZCI6ImEifQ==",
        "expire_date": "2018-05-30T12:23:43.495Z"
    }
}, {
    "model": "sessions.session",
    "pk": "udkortvfjsavs7s2ohcmwibs1x1dghdy",
    "fields": {
        "session_data": "ZjBjYjNmMzJkYjdiMjRmODEzYjRjNGI0MmI1MTVhNDk5YWRhZjc3Nzp7ImNhdGVnb3J5X2lkIjoiMCIsIndvcmQiOiJhIiwiX2F1dGhfdXNlcl9pZCI6IjEiLCJfYXV0aF91c2VyX2JhY2tlbmQiOiJkamFuZ28uY29udHJpYi5hdXRoLmJhY2tlbmRzLk1vZGVsQmFja2VuZCIsIl9hdXRoX3VzZXJfaGFzaCI6ImQ4YzVjMTlhZWVkNDI1MWM4YWViY2M0MWRjMWJiZThiNTEyMjY2YjkifQ==",
        "expire_date": "2018-05-25T02:45:44.358Z"
    }
}, {
    "model": "sessions.session",
    "pk": "x6dnsqkxfgm1n2yyow6v57lts2icj679",
    "fields": {
        "session_data": "MDMzNTQwMDkyNGZlNmQzMWQxY2U0ZjkzNmRlNTk4NzQzYzIyZTg2ZTp7Il9hdXRoX3VzZXJfaWQiOiIxIiwiX2F1dGhfdXNlcl9iYWNrZW5kIjoiZGphbmdvLmNvbnRyaWIuYXV0aC5iYWNrZW5kcy5Nb2RlbEJhY2tlbmQiLCJfYXV0aF91c2VyX2hhc2giOiJkOGM1YzE5YWVlZDQyNTFjOGFlYmNjNDFkYzFiYmU4YjUxMjI2NmI5IiwiY2F0ZWdvcnlfaWQiOiIwIiwid29yZCI6ImV0dWkifQ==",
        "expire_date": "2018-05-30T11:39:16.723Z"
    }
}, {
    "model": "sessions.session",
    "pk": "za80m7np8tgqzowzxa79siib3jrbp5kw",
    "fields": {
        "session_data": "MDhjZjA1ODQwODQ3YjJlY2I5NDE1ODcxZDFiZWI0M2FkOWUxNzRmMDp7Il9hdXRoX3VzZXJfaWQiOiIxIiwiX2F1dGhfdXNlcl9iYWNrZW5kIjoiZGphbmdvLmNvbnRyaWIuYXV0aC5iYWNrZW5kcy5Nb2RlbEJhY2tlbmQiLCJfYXV0aF91c2VyX2hhc2giOiJkOGM1YzE5YWVlZDQyNTFjOGFlYmNjNDFkYzFiYmU4YjUxMjI2NmI5In0=",
        "expire_date": "2018-05-25T02:45:52.641Z"
    }
}, {
    "model": "sessions.session",
    "pk": "zw7gr8optt24s33z6fo5use6w0ifiyc3",
    "fields": {
        "session_data": "YTdkZDIwNjU2Yjk0NzJmMDk0YzJiYjI4YmM1ZDU3YjY3YzFjYjEyNDp7Il9hdXRoX3VzZXJfaWQiOiIxIiwiX2F1dGhfdXNlcl9iYWNrZW5kIjoiZGphbmdvLmNvbnRyaWIuYXV0aC5iYWNrZW5kcy5Nb2RlbEJhY2tlbmQiLCJfYXV0aF91c2VyX2hhc2giOiJkOGM1YzE5YWVlZDQyNTFjOGFlYmNjNDFkYzFiYmU4YjUxMjI2NmI5IiwiY2F0ZWdvcnlfaWQiOiIwIiwid29yZCI6ImlwaG9uZSJ9",
        "expire_date": "2018-05-30T01:15:14.568Z"
    }
}, {
    "model": "auth.permission",
    "pk": 1,
    "fields": {
        "name": "Can add address",
        "content_type": 1,
        "codename": "add_address"
    }
}, {
    "model": "auth.permission",
    "pk": 2,
    "fields": {
        "name": "Can change address",
        "content_type": 1,
        "codename": "change_address"
    }
}, {
    "model": "auth.permission",
    "pk": 3,
    "fields": {
        "name": "Can delete address",
        "content_type": 1,
        "codename": "delete_address"
    }
}, {
    "model": "auth.permission",
    "pk": 4,
    "fields": {
        "name": "Can add brand",
        "content_type": 2,
        "codename": "add_brand"
    }
}, {
    "model": "auth.permission",
    "pk": 5,
    "fields": {
        "name": "Can change brand",
        "content_type": 2,
        "codename": "change_brand"
    }
}, {
    "model": "auth.permission",
    "pk": 6,
    "fields": {
        "name": "Can delete brand",
        "content_type": 2,
        "codename": "delete_brand"
    }
}, {
    "model": "auth.permission",
    "pk": 7,
    "fields": {
        "name": "Can add cart",
        "content_type": 3,
        "codename": "add_cart"
    }
}, {
    "model": "auth.permission",
    "pk": 8,
    "fields": {
        "name": "Can change cart",
        "content_type": 3,
        "codename": "change_cart"
    }
}, {
    "model": "auth.permission",
    "pk": 9,
    "fields": {
        "name": "Can delete cart",
        "content_type": 3,
        "codename": "delete_cart"
    }
}, {
    "model": "auth.permission",
    "pk": 10,
    "fields": {
        "name": "Can add color",
        "content_type": 4,
        "codename": "add_color"
    }
}, {
    "model": "auth.permission",
    "pk": 11,
    "fields": {
        "name": "Can change color",
        "content_type": 4,
        "codename": "change_color"
    }
}, {
    "model": "auth.permission",
    "pk": 12,
    "fields": {
        "name": "Can delete color",
        "content_type": 4,
        "codename": "delete_color"
    }
}, {
    "model": "auth.permission",
    "pk": 13,
    "fields": {
        "name": "Can add commerce category",
        "content_type": 5,
        "codename": "add_commercecategory"
    }
}, {
    "model": "auth.permission",
    "pk": 14,
    "fields": {
        "name": "Can change commerce category",
        "content_type": 5,
        "codename": "change_commercecategory"
    }
}, {
    "model": "auth.permission",
    "pk": 15,
    "fields": {
        "name": "Can delete commerce category",
        "content_type": 5,
        "codename": "delete_commercecategory"
    }
}, {
    "model": "auth.permission",
    "pk": 16,
    "fields": {
        "name": "Can add commerce image",
        "content_type": 6,
        "codename": "add_commerceimage"
    }
}, {
    "model": "auth.permission",
    "pk": 17,
    "fields": {
        "name": "Can change commerce image",
        "content_type": 6,
        "codename": "change_commerceimage"
    }
}, {
    "model": "auth.permission",
    "pk": 18,
    "fields": {
        "name": "Can delete commerce image",
        "content_type": 6,
        "codename": "delete_commerceimage"
    }
}, {
    "model": "auth.permission",
    "pk": 19,
    "fields": {
        "name": "Can add commerce information",
        "content_type": 7,
        "codename": "add_commerceinformation"
    }
}, {
    "model": "auth.permission",
    "pk": 20,
    "fields": {
        "name": "Can change commerce information",
        "content_type": 7,
        "codename": "change_commerceinformation"
    }
}, {
    "model": "auth.permission",
    "pk": 21,
    "fields": {
        "name": "Can delete commerce information",
        "content_type": 7,
        "codename": "delete_commerceinformation"
    }
}, {
    "model": "auth.permission",
    "pk": 22,
    "fields": {
        "name": "Can add commerce rating",
        "content_type": 8,
        "codename": "add_commercerating"
    }
}, {
    "model": "auth.permission",
    "pk": 23,
    "fields": {
        "name": "Can change commerce rating",
        "content_type": 8,
        "codename": "change_commercerating"
    }
}, {
    "model": "auth.permission",
    "pk": 24,
    "fields": {
        "name": "Can delete commerce rating",
        "content_type": 8,
        "codename": "delete_commercerating"
    }
}, {
    "model": "auth.permission",
    "pk": 25,
    "fields": {
        "name": "Can add commerce s category",
        "content_type": 9,
        "codename": "add_commercescategory"
    }
}, {
    "model": "auth.permission",
    "pk": 26,
    "fields": {
        "name": "Can change commerce s category",
        "content_type": 9,
        "codename": "change_commercescategory"
    }
}, {
    "model": "auth.permission",
    "pk": 27,
    "fields": {
        "name": "Can delete commerce s category",
        "content_type": 9,
        "codename": "delete_commercescategory"
    }
}, {
    "model": "auth.permission",
    "pk": 28,
    "fields": {
        "name": "Can add order",
        "content_type": 10,
        "codename": "add_order"
    }
}, {
    "model": "auth.permission",
    "pk": 29,
    "fields": {
        "name": "Can change order",
        "content_type": 10,
        "codename": "change_order"
    }
}, {
    "model": "auth.permission",
    "pk": 30,
    "fields": {
        "name": "Can delete order",
        "content_type": 10,
        "codename": "delete_order"
    }
}, {
    "model": "auth.permission",
    "pk": 31,
    "fields": {
        "name": "Can add order line",
        "content_type": 11,
        "codename": "add_orderline"
    }
}, {
    "model": "auth.permission",
    "pk": 32,
    "fields": {
        "name": "Can change order line",
        "content_type": 11,
        "codename": "change_orderline"
    }
}, {
    "model": "auth.permission",
    "pk": 33,
    "fields": {
        "name": "Can delete order line",
        "content_type": 11,
        "codename": "delete_orderline"
    }
}, {
    "model": "auth.permission",
    "pk": 34,
    "fields": {
        "name": "Can add product",
        "content_type": 12,
        "codename": "add_product"
    }
}, {
    "model": "auth.permission",
    "pk": 35,
    "fields": {
        "name": "Can change product",
        "content_type": 12,
        "codename": "change_product"
    }
}, {
    "model": "auth.permission",
    "pk": 36,
    "fields": {
        "name": "Can delete product",
        "content_type": 12,
        "codename": "delete_product"
    }
}, {
    "model": "auth.permission",
    "pk": 37,
    "fields": {
        "name": "Can add profil",
        "content_type": 13,
        "codename": "add_profil"
    }
}, {
    "model": "auth.permission",
    "pk": 38,
    "fields": {
        "name": "Can change profil",
        "content_type": 13,
        "codename": "change_profil"
    }
}, {
    "model": "auth.permission",
    "pk": 39,
    "fields": {
        "name": "Can delete profil",
        "content_type": 13,
        "codename": "delete_profil"
    }
}, {
    "model": "auth.permission",
    "pk": 40,
    "fields": {
        "name": "Can add sale",
        "content_type": 14,
        "codename": "add_sale"
    }
}, {
    "model": "auth.permission",
    "pk": 41,
    "fields": {
        "name": "Can change sale",
        "content_type": 14,
        "codename": "change_sale"
    }
}, {
    "model": "auth.permission",
    "pk": 42,
    "fields": {
        "name": "Can delete sale",
        "content_type": 14,
        "codename": "delete_sale"
    }
}, {
    "model": "auth.permission",
    "pk": 43,
    "fields": {
        "name": "Can add slide",
        "content_type": 15,
        "codename": "add_slide"
    }
}, {
    "model": "auth.permission",
    "pk": 44,
    "fields": {
        "name": "Can change slide",
        "content_type": 15,
        "codename": "change_slide"
    }
}, {
    "model": "auth.permission",
    "pk": 45,
    "fields": {
        "name": "Can delete slide",
        "content_type": 15,
        "codename": "delete_slide"
    }
}, {
    "model": "auth.permission",
    "pk": 46,
    "fields": {
        "name": "Can add specification",
        "content_type": 16,
        "codename": "add_specification"
    }
}, {
    "model": "auth.permission",
    "pk": 47,
    "fields": {
        "name": "Can change specification",
        "content_type": 16,
        "codename": "change_specification"
    }
}, {
    "model": "auth.permission",
    "pk": 48,
    "fields": {
        "name": "Can delete specification",
        "content_type": 16,
        "codename": "delete_specification"
    }
}, {
    "model": "auth.permission",
    "pk": 49,
    "fields": {
        "name": "Can add stock",
        "content_type": 17,
        "codename": "add_stock"
    }
}, {
    "model": "auth.permission",
    "pk": 50,
    "fields": {
        "name": "Can change stock",
        "content_type": 17,
        "codename": "change_stock"
    }
}, {
    "model": "auth.permission",
    "pk": 51,
    "fields": {
        "name": "Can delete stock",
        "content_type": 17,
        "codename": "delete_stock"
    }
}, {
    "model": "auth.permission",
    "pk": 52,
    "fields": {
        "name": "Can add tag",
        "content_type": 18,
        "codename": "add_tag"
    }
}, {
    "model": "auth.permission",
    "pk": 53,
    "fields": {
        "name": "Can change tag",
        "content_type": 18,
        "codename": "change_tag"
    }
}, {
    "model": "auth.permission",
    "pk": 54,
    "fields": {
        "name": "Can delete tag",
        "content_type": 18,
        "codename": "delete_tag"
    }
}, {
    "model": "auth.permission",
    "pk": 55,
    "fields": {
        "name": "Can add wish list",
        "content_type": 19,
        "codename": "add_wishlist"
    }
}, {
    "model": "auth.permission",
    "pk": 56,
    "fields": {
        "name": "Can change wish list",
        "content_type": 19,
        "codename": "change_wishlist"
    }
}, {
    "model": "auth.permission",
    "pk": 57,
    "fields": {
        "name": "Can delete wish list",
        "content_type": 19,
        "codename": "delete_wishlist"
    }
}, {
    "model": "auth.permission",
    "pk": 58,
    "fields": {
        "name": "Can add log entry",
        "content_type": 20,
        "codename": "add_logentry"
    }
}, {
    "model": "auth.permission",
    "pk": 59,
    "fields": {
        "name": "Can change log entry",
        "content_type": 20,
        "codename": "change_logentry"
    }
}, {
    "model": "auth.permission",
    "pk": 60,
    "fields": {
        "name": "Can delete log entry",
        "content_type": 20,
        "codename": "delete_logentry"
    }
}, {
    "model": "auth.permission",
    "pk": 61,
    "fields": {
        "name": "Can add permission",
        "content_type": 21,
        "codename": "add_permission"
    }
}, {
    "model": "auth.permission",
    "pk": 62,
    "fields": {
        "name": "Can change permission",
        "content_type": 21,
        "codename": "change_permission"
    }
}, {
    "model": "auth.permission",
    "pk": 63,
    "fields": {
        "name": "Can delete permission",
        "content_type": 21,
        "codename": "delete_permission"
    }
}, {
    "model": "auth.permission",
    "pk": 64,
    "fields": {
        "name": "Can add group",
        "content_type": 22,
        "codename": "add_group"
    }
}, {
    "model": "auth.permission",
    "pk": 65,
    "fields": {
        "name": "Can change group",
        "content_type": 22,
        "codename": "change_group"
    }
}, {
    "model": "auth.permission",
    "pk": 66,
    "fields": {
        "name": "Can delete group",
        "content_type": 22,
        "codename": "delete_group"
    }
}, {
    "model": "auth.permission",
    "pk": 67,
    "fields": {
        "name": "Can add user",
        "content_type": 23,
        "codename": "add_user"
    }
}, {
    "model": "auth.permission",
    "pk": 68,
    "fields": {
        "name": "Can change user",
        "content_type": 23,
        "codename": "change_user"
    }
}, {
    "model": "auth.permission",
    "pk": 69,
    "fields": {
        "name": "Can delete user",
        "content_type": 23,
        "codename": "delete_user"
    }
}, {
    "model": "auth.permission",
    "pk": 70,
    "fields": {
        "name": "Can add content type",
        "content_type": 24,
        "codename": "add_contenttype"
    }
}, {
    "model": "auth.permission",
    "pk": 71,
    "fields": {
        "name": "Can change content type",
        "content_type": 24,
        "codename": "change_contenttype"
    }
}, {
    "model": "auth.permission",
    "pk": 72,
    "fields": {
        "name": "Can delete content type",
        "content_type": 24,
        "codename": "delete_contenttype"
    }
}, {
    "model": "auth.permission",
    "pk": 73,
    "fields": {
        "name": "Can add session",
        "content_type": 25,
        "codename": "add_session"
    }
}, {
    "model": "auth.permission",
    "pk": 74,
    "fields": {
        "name": "Can change session",
        "content_type": 25,
        "codename": "change_session"
    }
}, {
    "model": "auth.permission",
    "pk": 75,
    "fields": {
        "name": "Can delete session",
        "content_type": 25,
        "codename": "delete_session"
    }
}, {
    "model": "auth.permission",
    "pk": 76,
    "fields": {
        "name": "Can add billing address",
        "content_type": 26,
        "codename": "add_billingaddress"
    }
}, {
    "model": "auth.permission",
    "pk": 77,
    "fields": {
        "name": "Can change billing address",
        "content_type": 26,
        "codename": "change_billingaddress"
    }
}, {
    "model": "auth.permission",
    "pk": 78,
    "fields": {
        "name": "Can delete billing address",
        "content_type": 26,
        "codename": "delete_billingaddress"
    }
}, {
    "model": "auth.permission",
    "pk": 79,
    "fields": {
        "name": "Can add shipping address",
        "content_type": 27,
        "codename": "add_shippingaddress"
    }
}, {
    "model": "auth.permission",
    "pk": 80,
    "fields": {
        "name": "Can change shipping address",
        "content_type": 27,
        "codename": "change_shippingaddress"
    }
}, {
    "model": "auth.permission",
    "pk": 81,
    "fields": {
        "name": "Can delete shipping address",
        "content_type": 27,
        "codename": "delete_shippingaddress"
    }
}, {
    "model": "auth.permission",
    "pk": 82,
    "fields": {
        "name": "Can add commerce ratting",
        "content_type": 8,
        "codename": "add_commerceratting"
    }
}, {
    "model": "auth.permission",
    "pk": 83,
    "fields": {
        "name": "Can change commerce ratting",
        "content_type": 8,
        "codename": "change_commerceratting"
    }
}, {
    "model": "auth.permission",
    "pk": 84,
    "fields": {
        "name": "Can delete commerce ratting",
        "content_type": 8,
        "codename": "delete_commerceratting"
    }
}, {
    "model": "auth.permission",
    "pk": 85,
    "fields": {
        "name": "Can add mailing",
        "content_type": 28,
        "codename": "add_mailing"
    }
}, {
    "model": "auth.permission",
    "pk": 86,
    "fields": {
        "name": "Can change mailing",
        "content_type": 28,
        "codename": "change_mailing"
    }
}, {
    "model": "auth.permission",
    "pk": 87,
    "fields": {
        "name": "Can delete mailing",
        "content_type": 28,
        "codename": "delete_mailing"
    }
}, {
    "model": "auth.permission",
    "pk": 88,
    "fields": {
        "name": "Can add message",
        "content_type": 29,
        "codename": "add_message"
    }
}, {
    "model": "auth.permission",
    "pk": 89,
    "fields": {
        "name": "Can change message",
        "content_type": 29,
        "codename": "change_message"
    }
}, {
    "model": "auth.permission",
    "pk": 90,
    "fields": {
        "name": "Can delete message",
        "content_type": 29,
        "codename": "delete_message"
    }
}, {
    "model": "auth.permission",
    "pk": 91,
    "fields": {
        "name": "Can add description",
        "content_type": 30,
        "codename": "add_description"
    }
}, {
    "model": "auth.permission",
    "pk": 92,
    "fields": {
        "name": "Can change description",
        "content_type": 30,
        "codename": "change_description"
    }
}, {
    "model": "auth.permission",
    "pk": 93,
    "fields": {
        "name": "Can delete description",
        "content_type": 30,
        "codename": "delete_description"
    }
}, {
    "model": "auth.permission",
    "pk": 94,
    "fields": {
        "name": "Can add compare",
        "content_type": 31,
        "codename": "add_compare"
    }
}, {
    "model": "auth.permission",
    "pk": 95,
    "fields": {
        "name": "Can change compare",
        "content_type": 31,
        "codename": "change_compare"
    }
}, {
    "model": "auth.permission",
    "pk": 96,
    "fields": {
        "name": "Can delete compare",
        "content_type": 31,
        "codename": "delete_compare"
    }
}, {
    "model": "auth.user",
    "pk": 1,
    "fields": {
        "password": "pbkdf2_sha256$100000$7u40U1ADVJkP$29MJanoKeP7PNzAnQWxxCcN6kKyyxbNRpkdPHroDyuE=",
        "last_login": "2018-05-16T11:58:34.951Z",
        "is_superuser": true,
        "username": "admin",
        "first_name": "Karim",
        "last_name": "EL KHAOUA",
        "email": "elkhaouakarim@gmail.com",
        "is_staff": true,
        "is_active": true,
        "date_joined": "2018-05-04T19:01:08Z",
        "groups": [],
        "user_permissions": []
    }
}, {
    "model": "auth.user",
    "pk": 2,
    "fields": {
        "password": "aze",
        "last_login": null,
        "is_superuser": false,
        "username": "oujrianass",
        "first_name": "Anass",
        "last_name": "OUJRI",
        "email": "oujrianass3@gmail.com",
        "is_staff": false,
        "is_active": true,
        "date_joined": "2018-05-05T14:43:01Z",
        "groups": [],
        "user_permissions": [58]
    }
}, {
    "model": "auth.user",
    "pk": 3,
    "fields": {
        "password": "pbkdf2_sha256$100000$FufPHJsQAmO9$GY1xX2tkU5ypHIyNzrl5oHwVh2epTwIzHybfjbCTvgc=",
        "last_login": null,
        "is_superuser": false,
        "username": "erramiimade",
        "first_name": "Imade",
        "last_name": "",
        "email": "erramiimade@gmail.com",
        "is_staff": false,
        "is_active": true,
        "date_joined": "2018-05-05T14:44:22Z",
        "groups": [],
        "user_permissions": []
    }
}, {
    "model": "admin.logentry",
    "pk": 1,
    "fields": {
        "action_time": "2018-05-04T19:02:29.833Z",
        "user": 1,
        "content_type": 5,
        "object_id": "1",
        "object_repr": "Informatique",
        "action_flag": 1,
        "change_message": "[{\"added\": {}}]"
    }
}, {
    "model": "admin.logentry",
    "pk": 2,
    "fields": {
        "action_time": "2018-05-04T19:02:31.073Z",
        "user": 1,
        "content_type": 9,
        "object_id": "1",
        "object_repr": "T\u00e9l\u00e9phones",
        "action_flag": 1,
        "change_message": "[{\"added\": {}}]"
    }
}, {
    "model": "admin.logentry",
    "pk": 3,
    "fields": {
        "action_time": "2018-05-04T19:02:36.867Z",
        "user": 1,
        "content_type": 2,
        "object_id": "1",
        "object_repr": "Apple",
        "action_flag": 1,
        "change_message": "[{\"added\": {}}]"
    }
}, {
    "model": "admin.logentry",
    "pk": 4,
    "fields": {
        "action_time": "2018-05-04T19:02:46.872Z",
        "user": 1,
        "content_type": 18,
        "object_id": "1",
        "object_repr": "Phones",
        "action_flag": 1,
        "change_message": "[{\"added\": {}}]"
    }
}, {
    "model": "admin.logentry",
    "pk": 5,
    "fields": {
        "action_time": "2018-05-04T19:02:51.102Z",
        "user": 1,
        "content_type": 18,
        "object_id": "2",
        "object_repr": "Sports",
        "action_flag": 1,
        "change_message": "[{\"added\": {}}]"
    }
}, {
    "model": "admin.logentry",
    "pk": 6,
    "fields": {
        "action_time": "2018-05-04T19:03:26.612Z",
        "user": 1,
        "content_type": 18,
        "object_id": "3",
        "object_repr": "Basket",
        "action_flag": 1,
        "change_message": "[{\"added\": {}}]"
    }
}, {
    "model": "admin.logentry",
    "pk": 7,
    "fields": {
        "action_time": "2018-05-04T19:03:39.451Z",
        "user": 1,
        "content_type": 18,
        "object_id": "4",
        "object_repr": "Samsung",
        "action_flag": 1,
        "change_message": "[{\"added\": {}}]"
    }
}, {
    "model": "admin.logentry",
    "pk": 8,
    "fields": {
        "action_time": "2018-05-04T19:03:51.282Z",
        "user": 1,
        "content_type": 18,
        "object_id": "5",
        "object_repr": "BMW",
        "action_flag": 1,
        "change_message": "[{\"added\": {}}]"
    }
}, {
    "model": "admin.logentry",
    "pk": 9,
    "fields": {
        "action_time": "2018-05-04T19:03:57.106Z",
        "user": 1,
        "content_type": 18,
        "object_id": "6",
        "object_repr": "Tablettes",
        "action_flag": 1,
        "change_message": "[{\"added\": {}}]"
    }
}, {
    "model": "admin.logentry",
    "pk": 10,
    "fields": {
        "action_time": "2018-05-04T19:03:59.928Z",
        "user": 1,
        "content_type": 18,
        "object_id": "7",
        "object_repr": "Soin",
        "action_flag": 1,
        "change_message": "[{\"added\": {}}]"
    }
}, {
    "model": "admin.logentry",
    "pk": 11,
    "fields": {
        "action_time": "2018-05-04T19:04:05.202Z",
        "user": 1,
        "content_type": 18,
        "object_id": "8",
        "object_repr": "M\u00e9decine",
        "action_flag": 1,
        "change_message": "[{\"added\": {}}]"
    }
}, {
    "model": "admin.logentry",
    "pk": 12,
    "fields": {
        "action_time": "2018-05-04T19:04:10.910Z",
        "user": 1,
        "content_type": 18,
        "object_id": "9",
        "object_repr": "Chaussures",
        "action_flag": 1,
        "change_message": "[{\"added\": {}}]"
    }
}, {
    "model": "admin.logentry",
    "pk": 13,
    "fields": {
        "action_time": "2018-05-04T19:04:17.342Z",
        "user": 1,
        "content_type": 18,
        "object_id": "10",
        "object_repr": "Electronique",
        "action_flag": 1,
        "change_message": "[{\"added\": {}}]"
    }
}, {
    "model": "admin.logentry",
    "pk": 14,
    "fields": {
        "action_time": "2018-05-04T19:04:22.094Z",
        "user": 1,
        "content_type": 18,
        "object_id": "11",
        "object_repr": "Voyage",
        "action_flag": 1,
        "change_message": "[{\"added\": {}}]"
    }
}, {
    "model": "admin.logentry",
    "pk": 15,
    "fields": {
        "action_time": "2018-05-04T19:04:28.049Z",
        "user": 1,
        "content_type": 18,
        "object_id": "12",
        "object_repr": "Laptops",
        "action_flag": 1,
        "change_message": "[{\"added\": {}}]"
    }
}, {
    "model": "admin.logentry",
    "pk": 16,
    "fields": {
        "action_time": "2018-05-04T19:04:35.651Z",
        "user": 1,
        "content_type": 18,
        "object_id": "13",
        "object_repr": "Constr",
        "action_flag": 1,
        "change_message": "[{\"added\": {}}]"
    }
}, {
    "model": "admin.logentry",
    "pk": 17,
    "fields": {
        "action_time": "2018-05-04T19:04:47.081Z",
        "user": 1,
        "content_type": 18,
        "object_id": "14",
        "object_repr": "Voitures",
        "action_flag": 1,
        "change_message": "[{\"added\": {}}]"
    }
}, {
    "model": "admin.logentry",
    "pk": 18,
    "fields": {
        "action_time": "2018-05-04T19:04:53.500Z",
        "user": 1,
        "content_type": 18,
        "object_id": "15",
        "object_repr": "Plage",
        "action_flag": 1,
        "change_message": "[{\"added\": {}}]"
    }
}, {
    "model": "admin.logentry",
    "pk": 19,
    "fields": {
        "action_time": "2018-05-04T19:04:58.342Z",
        "user": 1,
        "content_type": 18,
        "object_id": "16",
        "object_repr": "Maisons",
        "action_flag": 1,
        "change_message": "[{\"added\": {}}]"
    }
}, {
    "model": "admin.logentry",
    "pk": 20,
    "fields": {
        "action_time": "2018-05-04T19:05:05.282Z",
        "user": 1,
        "content_type": 18,
        "object_id": "17",
        "object_repr": "Apple",
        "action_flag": 1,
        "change_message": "[{\"added\": {}}]"
    }
}, {
    "model": "admin.logentry",
    "pk": 21,
    "fields": {
        "action_time": "2018-05-04T19:05:23.070Z",
        "user": 1,
        "content_type": 12,
        "object_id": "1",
        "object_repr": "iPhone X",
        "action_flag": 1,
        "change_message": "[{\"added\": {}}]"
    }
}, {
    "model": "admin.logentry",
    "pk": 22,
    "fields": {
        "action_time": "2018-05-04T19:05:27.692Z",
        "user": 1,
        "content_type": 15,
        "object_id": "1",
        "object_repr": "Slide object (1)",
        "action_flag": 1,
        "change_message": "[{\"added\": {}}]"
    }
}, {
    "model": "admin.logentry",
    "pk": 23,
    "fields": {
        "action_time": "2018-05-04T19:05:38.795Z",
        "user": 1,
        "content_type": 15,
        "object_id": "2",
        "object_repr": "Slide object (2)",
        "action_flag": 1,
        "change_message": "[{\"added\": {}}]"
    }
}, {
    "model": "admin.logentry",
    "pk": 24,
    "fields": {
        "action_time": "2018-05-04T19:05:48.849Z",
        "user": 1,
        "content_type": 15,
        "object_id": "3",
        "object_repr": "Slide object (3)",
        "action_flag": 1,
        "change_message": "[{\"added\": {}}]"
    }
}, {
    "model": "admin.logentry",
    "pk": 25,
    "fields": {
        "action_time": "2018-05-04T19:05:55.646Z",
        "user": 1,
        "content_type": 15,
        "object_id": "4",
        "object_repr": "Slide object (4)",
        "action_flag": 1,
        "change_message": "[{\"added\": {}}]"
    }
}, {
    "model": "admin.logentry",
    "pk": 26,
    "fields": {
        "action_time": "2018-05-04T19:06:27.493Z",
        "user": 1,
        "content_type": 6,
        "object_id": "1",
        "object_repr": "image 1 iPhone X",
        "action_flag": 1,
        "change_message": "[{\"added\": {}}]"
    }
}, {
    "model": "admin.logentry",
    "pk": 27,
    "fields": {
        "action_time": "2018-05-04T19:06:39.970Z",
        "user": 1,
        "content_type": 6,
        "object_id": "2",
        "object_repr": "image 2 iPhone X",
        "action_flag": 1,
        "change_message": "[{\"added\": {}}]"
    }
}, {
    "model": "admin.logentry",
    "pk": 28,
    "fields": {
        "action_time": "2018-05-04T19:07:04.384Z",
        "user": 1,
        "content_type": 2,
        "object_id": "2",
        "object_repr": "Samsung",
        "action_flag": 1,
        "change_message": "[{\"added\": {}}]"
    }
}, {
    "model": "admin.logentry",
    "pk": 29,
    "fields": {
        "action_time": "2018-05-04T19:07:17.622Z",
        "user": 1,
        "content_type": 12,
        "object_id": "2",
        "object_repr": "Galaxy S9",
        "action_flag": 1,
        "change_message": "[{\"added\": {}}]"
    }
}, {
    "model": "admin.logentry",
    "pk": 30,
    "fields": {
        "action_time": "2018-05-04T19:07:19.455Z",
        "user": 1,
        "content_type": 6,
        "object_id": "3",
        "object_repr": "image 3 Galaxy S9",
        "action_flag": 1,
        "change_message": "[{\"added\": {}}]"
    }
}, {
    "model": "admin.logentry",
    "pk": 31,
    "fields": {
        "action_time": "2018-05-04T19:08:00.393Z",
        "user": 1,
        "content_type": 9,
        "object_id": "2",
        "object_repr": "Tablettes",
        "action_flag": 1,
        "change_message": "[{\"added\": {}}]"
    }
}, {
    "model": "admin.logentry",
    "pk": 32,
    "fields": {
        "action_time": "2018-05-04T19:08:17.617Z",
        "user": 1,
        "content_type": 12,
        "object_id": "3",
        "object_repr": "Galaxy Tab 3",
        "action_flag": 1,
        "change_message": "[{\"added\": {}}]"
    }
}, {
    "model": "admin.logentry",
    "pk": 33,
    "fields": {
        "action_time": "2018-05-04T19:09:36.027Z",
        "user": 1,
        "content_type": 6,
        "object_id": "4",
        "object_repr": "image 4 Galaxy Tab 3",
        "action_flag": 1,
        "change_message": "[{\"added\": {}}]"
    }
}, {
    "model": "admin.logentry",
    "pk": 34,
    "fields": {
        "action_time": "2018-05-04T19:09:47.770Z",
        "user": 1,
        "content_type": 6,
        "object_id": "5",
        "object_repr": "image 5 Galaxy Tab 3",
        "action_flag": 1,
        "change_message": "[{\"added\": {}}]"
    }
}, {
    "model": "admin.logentry",
    "pk": 35,
    "fields": {
        "action_time": "2018-05-04T19:13:01.826Z",
        "user": 1,
        "content_type": 9,
        "object_id": "3",
        "object_repr": "PC",
        "action_flag": 1,
        "change_message": "[{\"added\": {}}]"
    }
}, {
    "model": "admin.logentry",
    "pk": 36,
    "fields": {
        "action_time": "2018-05-04T19:13:20.980Z",
        "user": 1,
        "content_type": 12,
        "object_id": "4",
        "object_repr": "MacBook Pro",
        "action_flag": 1,
        "change_message": "[{\"added\": {}}]"
    }
}, {
    "model": "admin.logentry",
    "pk": 37,
    "fields": {
        "action_time": "2018-05-04T19:13:22.820Z",
        "user": 1,
        "content_type": 6,
        "object_id": "6",
        "object_repr": "image 6 MacBook Pro",
        "action_flag": 1,
        "change_message": "[{\"added\": {}}]"
    }
}, {
    "model": "admin.logentry",
    "pk": 38,
    "fields": {
        "action_time": "2018-05-04T19:13:32.670Z",
        "user": 1,
        "content_type": 6,
        "object_id": "7",
        "object_repr": "image 7 MacBook Pro",
        "action_flag": 1,
        "change_message": "[{\"added\": {}}]"
    }
}, {
    "model": "admin.logentry",
    "pk": 39,
    "fields": {
        "action_time": "2018-05-04T19:15:27.948Z",
        "user": 1,
        "content_type": 2,
        "object_id": "3",
        "object_repr": "DELL",
        "action_flag": 1,
        "change_message": "[{\"added\": {}}]"
    }
}, {
    "model": "admin.logentry",
    "pk": 40,
    "fields": {
        "action_time": "2018-05-04T19:15:41.850Z",
        "user": 1,
        "content_type": 12,
        "object_id": "5",
        "object_repr": "Dell Inspiron N4010",
        "action_flag": 1,
        "change_message": "[{\"added\": {}}]"
    }
}, {
    "model": "admin.logentry",
    "pk": 41,
    "fields": {
        "action_time": "2018-05-04T19:15:44.021Z",
        "user": 1,
        "content_type": 6,
        "object_id": "8",
        "object_repr": "image 8 Dell Inspiron N4010",
        "action_flag": 1,
        "change_message": "[{\"added\": {}}]"
    }
}, {
    "model": "admin.logentry",
    "pk": 42,
    "fields": {
        "action_time": "2018-05-04T19:15:52.643Z",
        "user": 1,
        "content_type": 6,
        "object_id": "9",
        "object_repr": "image 9 Dell Inspiron N4010",
        "action_flag": 1,
        "change_message": "[{\"added\": {}}]"
    }
}, {
    "model": "admin.logentry",
    "pk": 43,
    "fields": {
        "action_time": "2018-05-04T19:15:58.835Z",
        "user": 1,
        "content_type": 6,
        "object_id": "10",
        "object_repr": "image 10 Dell Inspiron N4010",
        "action_flag": 1,
        "change_message": "[{\"added\": {}}]"
    }
}, {
    "model": "admin.logentry",
    "pk": 44,
    "fields": {
        "action_time": "2018-05-04T19:18:12.220Z",
        "user": 1,
        "content_type": 5,
        "object_id": "2",
        "object_repr": "Vehicules",
        "action_flag": 1,
        "change_message": "[{\"added\": {}}]"
    }
}, {
    "model": "admin.logentry",
    "pk": 45,
    "fields": {
        "action_time": "2018-05-04T19:18:14.182Z",
        "user": 1,
        "content_type": 9,
        "object_id": "4",
        "object_repr": "Voitures",
        "action_flag": 1,
        "change_message": "[{\"added\": {}}]"
    }
}, {
    "model": "admin.logentry",
    "pk": 46,
    "fields": {
        "action_time": "2018-05-04T19:18:20.277Z",
        "user": 1,
        "content_type": 2,
        "object_id": "4",
        "object_repr": "BMW",
        "action_flag": 1,
        "change_message": "[{\"added\": {}}]"
    }
}, {
    "model": "admin.logentry",
    "pk": 47,
    "fields": {
        "action_time": "2018-05-04T19:18:43.711Z",
        "user": 1,
        "content_type": 18,
        "object_id": "18",
        "object_repr": "Trip",
        "action_flag": 1,
        "change_message": "[{\"added\": {}}]"
    }
}, {
    "model": "admin.logentry",
    "pk": 48,
    "fields": {
        "action_time": "2018-05-04T19:18:48.129Z",
        "user": 1,
        "content_type": 18,
        "object_id": "19",
        "object_repr": "Foot",
        "action_flag": 1,
        "change_message": "[{\"added\": {}}]"
    }
}, {
    "model": "admin.logentry",
    "pk": 49,
    "fields": {
        "action_time": "2018-05-04T19:18:49.893Z",
        "user": 1,
        "content_type": 12,
        "object_id": "6",
        "object_repr": "BMW X4",
        "action_flag": 1,
        "change_message": "[{\"added\": {}}]"
    }
}, {
    "model": "admin.logentry",
    "pk": 50,
    "fields": {
        "action_time": "2018-05-04T19:18:54.634Z",
        "user": 1,
        "content_type": 6,
        "object_id": "11",
        "object_repr": "image 11 BMW X4",
        "action_flag": 1,
        "change_message": "[{\"added\": {}}]"
    }
}, {
    "model": "admin.logentry",
    "pk": 51,
    "fields": {
        "action_time": "2018-05-04T19:19:02.592Z",
        "user": 1,
        "content_type": 6,
        "object_id": "12",
        "object_repr": "image 12 BMW X4",
        "action_flag": 1,
        "change_message": "[{\"added\": {}}]"
    }
}, {
    "model": "admin.logentry",
    "pk": 52,
    "fields": {
        "action_time": "2018-05-04T19:19:37.613Z",
        "user": 1,
        "content_type": 2,
        "object_id": "5",
        "object_repr": "Hyundai",
        "action_flag": 1,
        "change_message": "[{\"added\": {}}]"
    }
}, {
    "model": "admin.logentry",
    "pk": 53,
    "fields": {
        "action_time": "2018-05-04T19:19:45.945Z",
        "user": 1,
        "content_type": 12,
        "object_id": "7",
        "object_repr": "Santa fe",
        "action_flag": 1,
        "change_message": "[{\"added\": {}}]"
    }
}, {
    "model": "admin.logentry",
    "pk": 54,
    "fields": {
        "action_time": "2018-05-04T19:19:48.521Z",
        "user": 1,
        "content_type": 6,
        "object_id": "13",
        "object_repr": "image 13 Santa fe",
        "action_flag": 1,
        "change_message": "[{\"added\": {}}]"
    }
}, {
    "model": "admin.logentry",
    "pk": 55,
    "fields": {
        "action_time": "2018-05-04T19:19:57.134Z",
        "user": 1,
        "content_type": 6,
        "object_id": "14",
        "object_repr": "image 14 Santa fe",
        "action_flag": 1,
        "change_message": "[{\"added\": {}}]"
    }
}, {
    "model": "admin.logentry",
    "pk": 56,
    "fields": {
        "action_time": "2018-05-04T19:22:16.369Z",
        "user": 1,
        "content_type": 5,
        "object_id": "3",
        "object_repr": "V\u00eatements",
        "action_flag": 1,
        "change_message": "[{\"added\": {}}]"
    }
}, {
    "model": "admin.logentry",
    "pk": 57,
    "fields": {
        "action_time": "2018-05-04T19:22:17.651Z",
        "user": 1,
        "content_type": 9,
        "object_id": "5",
        "object_repr": "Chemises",
        "action_flag": 1,
        "change_message": "[{\"added\": {}}]"
    }
}, {
    "model": "admin.logentry",
    "pk": 58,
    "fields": {
        "action_time": "2018-05-04T19:22:23.811Z",
        "user": 1,
        "content_type": 2,
        "object_id": "6",
        "object_repr": "LC WAIKIKI",
        "action_flag": 1,
        "change_message": "[{\"added\": {}}]"
    }
}, {
    "model": "admin.logentry",
    "pk": 59,
    "fields": {
        "action_time": "2018-05-04T19:22:32.141Z",
        "user": 1,
        "content_type": 18,
        "object_id": "20",
        "object_repr": "Elegance",
        "action_flag": 1,
        "change_message": "[{\"added\": {}}]"
    }
}, {
    "model": "admin.logentry",
    "pk": 60,
    "fields": {
        "action_time": "2018-05-04T19:22:36.969Z",
        "user": 1,
        "content_type": 18,
        "object_id": "21",
        "object_repr": "Beaut\u00e9",
        "action_flag": 1,
        "change_message": "[{\"added\": {}}]"
    }
}, {
    "model": "admin.logentry",
    "pk": 61,
    "fields": {
        "action_time": "2018-05-04T19:22:43.251Z",
        "user": 1,
        "content_type": 12,
        "object_id": "8",
        "object_repr": "Cobra",
        "action_flag": 1,
        "change_message": "[{\"added\": {}}]"
    }
}, {
    "model": "admin.logentry",
    "pk": 62,
    "fields": {
        "action_time": "2018-05-04T19:22:45.222Z",
        "user": 1,
        "content_type": 6,
        "object_id": "15",
        "object_repr": "image 15 Cobra",
        "action_flag": 1,
        "change_message": "[{\"added\": {}}]"
    }
}, {
    "model": "admin.logentry",
    "pk": 63,
    "fields": {
        "action_time": "2018-05-04T19:23:20.600Z",
        "user": 1,
        "content_type": 2,
        "object_id": "7",
        "object_repr": "Jules",
        "action_flag": 1,
        "change_message": "[{\"added\": {}}]"
    }
}, {
    "model": "admin.logentry",
    "pk": 64,
    "fields": {
        "action_time": "2018-05-04T19:23:30.704Z",
        "user": 1,
        "content_type": 12,
        "object_id": "9",
        "object_repr": "Sans col",
        "action_flag": 1,
        "change_message": "[{\"added\": {}}]"
    }
}, {
    "model": "admin.logentry",
    "pk": 65,
    "fields": {
        "action_time": "2018-05-04T19:23:32.306Z",
        "user": 1,
        "content_type": 6,
        "object_id": "16",
        "object_repr": "image 16 Sans col",
        "action_flag": 1,
        "change_message": "[{\"added\": {}}]"
    }
}, {
    "model": "admin.logentry",
    "pk": 66,
    "fields": {
        "action_time": "2018-05-04T19:24:28.747Z",
        "user": 1,
        "content_type": 5,
        "object_id": "4",
        "object_repr": "Sports",
        "action_flag": 1,
        "change_message": "[{\"added\": {}}]"
    }
}, {
    "model": "admin.logentry",
    "pk": 67,
    "fields": {
        "action_time": "2018-05-04T19:24:29.908Z",
        "user": 1,
        "content_type": 9,
        "object_id": "6",
        "object_repr": "Espadrilles",
        "action_flag": 1,
        "change_message": "[{\"added\": {}}]"
    }
}, {
    "model": "admin.logentry",
    "pk": 68,
    "fields": {
        "action_time": "2018-05-04T19:24:37.470Z",
        "user": 1,
        "content_type": 2,
        "object_id": "8",
        "object_repr": "Under Armor",
        "action_flag": 1,
        "change_message": "[{\"added\": {}}]"
    }
}, {
    "model": "admin.logentry",
    "pk": 69,
    "fields": {
        "action_time": "2018-05-04T19:24:51.402Z",
        "user": 1,
        "content_type": 12,
        "object_id": "10",
        "object_repr": "Under Armor x4",
        "action_flag": 1,
        "change_message": "[{\"added\": {}}]"
    }
}, {
    "model": "admin.logentry",
    "pk": 70,
    "fields": {
        "action_time": "2018-05-04T19:24:53.458Z",
        "user": 1,
        "content_type": 6,
        "object_id": "17",
        "object_repr": "image 17 Under Armor x4",
        "action_flag": 1,
        "change_message": "[{\"added\": {}}]"
    }
}, {
    "model": "admin.logentry",
    "pk": 71,
    "fields": {
        "action_time": "2018-05-04T19:24:59.976Z",
        "user": 1,
        "content_type": 6,
        "object_id": "18",
        "object_repr": "image 18 Under Armor x4",
        "action_flag": 1,
        "change_message": "[{\"added\": {}}]"
    }
}, {
    "model": "admin.logentry",
    "pk": 72,
    "fields": {
        "action_time": "2018-05-04T19:26:26.232Z",
        "user": 1,
        "content_type": 9,
        "object_id": "7",
        "object_repr": "Ballon",
        "action_flag": 1,
        "change_message": "[{\"added\": {}}]"
    }
}, {
    "model": "admin.logentry",
    "pk": 73,
    "fields": {
        "action_time": "2018-05-04T19:26:33.185Z",
        "user": 1,
        "content_type": 2,
        "object_id": "9",
        "object_repr": "Nike",
        "action_flag": 1,
        "change_message": "[{\"added\": {}}]"
    }
}, {
    "model": "admin.logentry",
    "pk": 74,
    "fields": {
        "action_time": "2018-05-04T19:26:39.264Z",
        "user": 1,
        "content_type": 2,
        "object_id": "10",
        "object_repr": "Molten",
        "action_flag": 1,
        "change_message": "[{\"added\": {}}]"
    }
}, {
    "model": "admin.logentry",
    "pk": 75,
    "fields": {
        "action_time": "2018-05-04T19:26:42.661Z",
        "user": 1,
        "content_type": 2,
        "object_id": "11",
        "object_repr": "Garnier",
        "action_flag": 1,
        "change_message": "[{\"added\": {}}]"
    }
}, {
    "model": "admin.logentry",
    "pk": 76,
    "fields": {
        "action_time": "2018-05-04T19:26:53.327Z",
        "user": 1,
        "content_type": 12,
        "object_id": "11",
        "object_repr": "Ballon Molten",
        "action_flag": 1,
        "change_message": "[{\"added\": {}}]"
    }
}, {
    "model": "admin.logentry",
    "pk": 77,
    "fields": {
        "action_time": "2018-05-04T19:26:56.136Z",
        "user": 1,
        "content_type": 6,
        "object_id": "19",
        "object_repr": "image 19 Ballon Molten",
        "action_flag": 1,
        "change_message": "[{\"added\": {}}]"
    }
}, {
    "model": "admin.logentry",
    "pk": 78,
    "fields": {
        "action_time": "2018-05-04T19:27:43.541Z",
        "user": 1,
        "content_type": 12,
        "object_id": "12",
        "object_repr": "Ballon Nike Fiba",
        "action_flag": 1,
        "change_message": "[{\"added\": {}}]"
    }
}, {
    "model": "admin.logentry",
    "pk": 79,
    "fields": {
        "action_time": "2018-05-04T19:27:45.173Z",
        "user": 1,
        "content_type": 6,
        "object_id": "20",
        "object_repr": "image 20 Ballon Nike Fiba",
        "action_flag": 1,
        "change_message": "[{\"added\": {}}]"
    }
}, {
    "model": "admin.logentry",
    "pk": 80,
    "fields": {
        "action_time": "2018-05-04T19:28:47.329Z",
        "user": 1,
        "content_type": 9,
        "object_id": "8",
        "object_repr": "Trip",
        "action_flag": 1,
        "change_message": "[{\"added\": {}}]"
    }
}, {
    "model": "admin.logentry",
    "pk": 81,
    "fields": {
        "action_time": "2018-05-04T19:28:54.154Z",
        "user": 1,
        "content_type": 2,
        "object_id": "12",
        "object_repr": "D\u00e9cathlon",
        "action_flag": 1,
        "change_message": "[{\"added\": {}}]"
    }
}, {
    "model": "admin.logentry",
    "pk": 82,
    "fields": {
        "action_time": "2018-05-04T19:29:24.285Z",
        "user": 1,
        "content_type": 12,
        "object_id": "13",
        "object_repr": "Tente 2P",
        "action_flag": 1,
        "change_message": "[{\"added\": {}}]"
    }
}, {
    "model": "admin.logentry",
    "pk": 83,
    "fields": {
        "action_time": "2018-05-04T19:29:30.834Z",
        "user": 1,
        "content_type": 6,
        "object_id": "21",
        "object_repr": "image 21 Tente 2P",
        "action_flag": 1,
        "change_message": "[{\"added\": {}}]"
    }
}, {
    "model": "admin.logentry",
    "pk": 84,
    "fields": {
        "action_time": "2018-05-04T19:30:49.680Z",
        "user": 1,
        "content_type": 9,
        "object_id": "9",
        "object_repr": "Chassures",
        "action_flag": 1,
        "change_message": "[{\"added\": {}}]"
    }
}, {
    "model": "admin.logentry",
    "pk": 85,
    "fields": {
        "action_time": "2018-05-04T19:30:55.683Z",
        "user": 1,
        "content_type": 2,
        "object_id": "13",
        "object_repr": "CAT",
        "action_flag": 1,
        "change_message": "[{\"added\": {}}]"
    }
}, {
    "model": "admin.logentry",
    "pk": 86,
    "fields": {
        "action_time": "2018-05-04T19:30:59.685Z",
        "user": 1,
        "content_type": 2,
        "object_id": "14",
        "object_repr": "Tommy",
        "action_flag": 1,
        "change_message": "[{\"added\": {}}]"
    }
}, {
    "model": "admin.logentry",
    "pk": 87,
    "fields": {
        "action_time": "2018-05-04T19:31:07.108Z",
        "user": 1,
        "content_type": 2,
        "object_id": "15",
        "object_repr": "Sonasid",
        "action_flag": 1,
        "change_message": "[{\"added\": {}}]"
    }
}, {
    "model": "admin.logentry",
    "pk": 88,
    "fields": {
        "action_time": "2018-05-04T19:31:54.758Z",
        "user": 1,
        "content_type": 12,
        "object_id": "14",
        "object_repr": "CAT A200",
        "action_flag": 1,
        "change_message": "[{\"added\": {}}]"
    }
}, {
    "model": "admin.logentry",
    "pk": 89,
    "fields": {
        "action_time": "2018-05-04T19:31:56.668Z",
        "user": 1,
        "content_type": 6,
        "object_id": "22",
        "object_repr": "image 22 CAT A200",
        "action_flag": 1,
        "change_message": "[{\"added\": {}}]"
    }
}, {
    "model": "admin.logentry",
    "pk": 90,
    "fields": {
        "action_time": "2018-05-04T19:33:24.537Z",
        "user": 1,
        "content_type": 12,
        "object_id": "15",
        "object_repr": "Tommy Lyon",
        "action_flag": 1,
        "change_message": "[{\"added\": {}}]"
    }
}, {
    "model": "admin.logentry",
    "pk": 91,
    "fields": {
        "action_time": "2018-05-04T19:33:26.413Z",
        "user": 1,
        "content_type": 6,
        "object_id": "23",
        "object_repr": "image 23 Tommy Lyon",
        "action_flag": 1,
        "change_message": "[{\"added\": {}}]"
    }
}, {
    "model": "admin.logentry",
    "pk": 92,
    "fields": {
        "action_time": "2018-05-04T19:34:15.603Z",
        "user": 1,
        "content_type": 5,
        "object_id": "5",
        "object_repr": "Maison",
        "action_flag": 1,
        "change_message": "[{\"added\": {}}]"
    }
}, {
    "model": "admin.logentry",
    "pk": 93,
    "fields": {
        "action_time": "2018-05-04T19:34:17.086Z",
        "user": 1,
        "content_type": 9,
        "object_id": "10",
        "object_repr": "Fauteuille",
        "action_flag": 1,
        "change_message": "[{\"added\": {}}]"
    }
}, {
    "model": "admin.logentry",
    "pk": 94,
    "fields": {
        "action_time": "2018-05-04T19:34:24.888Z",
        "user": 1,
        "content_type": 2,
        "object_id": "16",
        "object_repr": "KITEA",
        "action_flag": 1,
        "change_message": "[{\"added\": {}}]"
    }
}, {
    "model": "admin.logentry",
    "pk": 95,
    "fields": {
        "action_time": "2018-05-04T19:34:41.639Z",
        "user": 1,
        "content_type": 12,
        "object_id": "16",
        "object_repr": "Fauteuil Dor\u00e9",
        "action_flag": 1,
        "change_message": "[{\"added\": {}}]"
    }
}, {
    "model": "admin.logentry",
    "pk": 96,
    "fields": {
        "action_time": "2018-05-04T19:34:46.291Z",
        "user": 1,
        "content_type": 6,
        "object_id": "24",
        "object_repr": "image 24 Fauteuil Dor\u00e9",
        "action_flag": 1,
        "change_message": "[{\"added\": {}}]"
    }
}, {
    "model": "admin.logentry",
    "pk": 97,
    "fields": {
        "action_time": "2018-05-04T19:34:57.528Z",
        "user": 1,
        "content_type": 6,
        "object_id": "25",
        "object_repr": "image 25 Fauteuil Dor\u00e9",
        "action_flag": 1,
        "change_message": "[{\"added\": {}}]"
    }
}, {
    "model": "admin.logentry",
    "pk": 98,
    "fields": {
        "action_time": "2018-05-04T19:35:48.723Z",
        "user": 1,
        "content_type": 9,
        "object_id": "10",
        "object_repr": "Fauteuils",
        "action_flag": 2,
        "change_message": "[{\"changed\": {\"fields\": [\"name\"]}}]"
    }
}, {
    "model": "admin.logentry",
    "pk": 99,
    "fields": {
        "action_time": "2018-05-04T19:36:04.194Z",
        "user": 1,
        "content_type": 12,
        "object_id": "17",
        "object_repr": "Fauteuil L09",
        "action_flag": 1,
        "change_message": "[{\"added\": {}}]"
    }
}, {
    "model": "admin.logentry",
    "pk": 100,
    "fields": {
        "action_time": "2018-05-04T19:36:06.158Z",
        "user": 1,
        "content_type": 6,
        "object_id": "26",
        "object_repr": "image 26 Fauteuil L09",
        "action_flag": 1,
        "change_message": "[{\"added\": {}}]"
    }
}, {
    "model": "admin.logentry",
    "pk": 101,
    "fields": {
        "action_time": "2018-05-04T19:36:19.534Z",
        "user": 1,
        "content_type": 6,
        "object_id": "27",
        "object_repr": "image 27 Fauteuil L09",
        "action_flag": 1,
        "change_message": "[{\"added\": {}}]"
    }
}, {
    "model": "admin.logentry",
    "pk": 102,
    "fields": {
        "action_time": "2018-05-04T19:38:08.343Z",
        "user": 1,
        "content_type": 5,
        "object_id": "6",
        "object_repr": "Parapharmacie",
        "action_flag": 1,
        "change_message": "[{\"added\": {}}]"
    }
}, {
    "model": "admin.logentry",
    "pk": 103,
    "fields": {
        "action_time": "2018-05-04T19:38:10.540Z",
        "user": 1,
        "content_type": 9,
        "object_id": "11",
        "object_repr": "Soin",
        "action_flag": 1,
        "change_message": "[{\"added\": {}}]"
    }
}, {
    "model": "admin.logentry",
    "pk": 104,
    "fields": {
        "action_time": "2018-05-04T19:38:19.640Z",
        "user": 1,
        "content_type": 2,
        "object_id": "17",
        "object_repr": "Dettol",
        "action_flag": 1,
        "change_message": "[{\"added\": {}}]"
    }
}, {
    "model": "admin.logentry",
    "pk": 105,
    "fields": {
        "action_time": "2018-05-04T19:38:38.269Z",
        "user": 1,
        "content_type": 12,
        "object_id": "18",
        "object_repr": "Produit Dettol",
        "action_flag": 1,
        "change_message": "[{\"added\": {}}]"
    }
}, {
    "model": "admin.logentry",
    "pk": 106,
    "fields": {
        "action_time": "2018-05-04T19:39:26.831Z",
        "user": 1,
        "content_type": 12,
        "object_id": "19",
        "object_repr": "Ultra doux shamp",
        "action_flag": 1,
        "change_message": "[{\"added\": {}}]"
    }
}, {
    "model": "admin.logentry",
    "pk": 107,
    "fields": {
        "action_time": "2018-05-04T19:39:28.440Z",
        "user": 1,
        "content_type": 6,
        "object_id": "28",
        "object_repr": "image 28 Ultra doux shamp",
        "action_flag": 1,
        "change_message": "[{\"added\": {}}]"
    }
}, {
    "model": "admin.logentry",
    "pk": 108,
    "fields": {
        "action_time": "2018-05-04T19:40:17.552Z",
        "user": 1,
        "content_type": 5,
        "object_id": "7",
        "object_repr": "Construction",
        "action_flag": 1,
        "change_message": "[{\"added\": {}}]"
    }
}, {
    "model": "admin.logentry",
    "pk": 109,
    "fields": {
        "action_time": "2018-05-04T19:40:18.524Z",
        "user": 1,
        "content_type": 9,
        "object_id": "12",
        "object_repr": "Fer",
        "action_flag": 1,
        "change_message": "[{\"added\": {}}]"
    }
}, {
    "model": "admin.logentry",
    "pk": 110,
    "fields": {
        "action_time": "2018-05-04T19:40:32.891Z",
        "user": 1,
        "content_type": 18,
        "object_id": "22",
        "object_repr": "Mati\u00e8res",
        "action_flag": 1,
        "change_message": "[{\"added\": {}}]"
    }
}, {
    "model": "admin.logentry",
    "pk": 111,
    "fields": {
        "action_time": "2018-05-04T19:40:37.389Z",
        "user": 1,
        "content_type": 18,
        "object_id": "23",
        "object_repr": "Solid",
        "action_flag": 1,
        "change_message": "[{\"added\": {}}]"
    }
}, {
    "model": "admin.logentry",
    "pk": 112,
    "fields": {
        "action_time": "2018-05-04T19:40:48.140Z",
        "user": 1,
        "content_type": 12,
        "object_id": "20",
        "object_repr": "Fer f8",
        "action_flag": 1,
        "change_message": "[{\"added\": {}}]"
    }
}, {
    "model": "admin.logentry",
    "pk": 113,
    "fields": {
        "action_time": "2018-05-04T19:40:50.314Z",
        "user": 1,
        "content_type": 6,
        "object_id": "29",
        "object_repr": "image 29 Fer f8",
        "action_flag": 1,
        "change_message": "[{\"added\": {}}]"
    }
}, {
    "model": "admin.logentry",
    "pk": 114,
    "fields": {
        "action_time": "2018-05-04T19:41:38.207Z",
        "user": 1,
        "content_type": 9,
        "object_id": "13",
        "object_repr": "Bois",
        "action_flag": 1,
        "change_message": "[{\"added\": {}}]"
    }
}, {
    "model": "admin.logentry",
    "pk": 115,
    "fields": {
        "action_time": "2018-05-04T19:41:48.215Z",
        "user": 1,
        "content_type": 9,
        "object_id": "14",
        "object_repr": "Aluminium",
        "action_flag": 1,
        "change_message": "[{\"added\": {}}]"
    }
}, {
    "model": "admin.logentry",
    "pk": 116,
    "fields": {
        "action_time": "2018-05-04T19:42:06.694Z",
        "user": 1,
        "content_type": 12,
        "object_id": "21",
        "object_repr": "Bois B29",
        "action_flag": 1,
        "change_message": "[{\"added\": {}}]"
    }
}, {
    "model": "admin.logentry",
    "pk": 117,
    "fields": {
        "action_time": "2018-05-04T19:42:09.375Z",
        "user": 1,
        "content_type": 6,
        "object_id": "30",
        "object_repr": "image 30 Bois B29",
        "action_flag": 1,
        "change_message": "[{\"added\": {}}]"
    }
}, {
    "model": "admin.logentry",
    "pk": 118,
    "fields": {
        "action_time": "2018-05-04T19:42:48.405Z",
        "user": 1,
        "content_type": 12,
        "object_id": "22",
        "object_repr": "Aluminium A0",
        "action_flag": 1,
        "change_message": "[{\"added\": {}}]"
    }
}, {
    "model": "admin.logentry",
    "pk": 119,
    "fields": {
        "action_time": "2018-05-04T19:42:49.504Z",
        "user": 1,
        "content_type": 6,
        "object_id": "31",
        "object_repr": "image 31 Aluminium A0",
        "action_flag": 1,
        "change_message": "[{\"added\": {}}]"
    }
}, {
    "model": "admin.logentry",
    "pk": 120,
    "fields": {
        "action_time": "2018-05-04T19:44:14.147Z",
        "user": 1,
        "content_type": 9,
        "object_id": "15",
        "object_repr": "Beaut\u00e9",
        "action_flag": 1,
        "change_message": "[{\"added\": {}}]"
    }
}, {
    "model": "admin.logentry",
    "pk": 121,
    "fields": {
        "action_time": "2018-05-04T19:44:16.964Z",
        "user": 1,
        "content_type": 12,
        "object_id": "19",
        "object_repr": "Ultra doux shamp",
        "action_flag": 2,
        "change_message": "[{\"changed\": {\"fields\": [\"cat\"]}}]"
    }
}, {
    "model": "admin.logentry",
    "pk": 122,
    "fields": {
        "action_time": "2018-05-04T19:45:43.809Z",
        "user": 1,
        "content_type": 14,
        "object_id": "1",
        "object_repr": "10 iPhone X",
        "action_flag": 1,
        "change_message": "[{\"added\": {}}]"
    }
}, {
    "model": "admin.logentry",
    "pk": 123,
    "fields": {
        "action_time": "2018-05-04T19:46:24.472Z",
        "user": 1,
        "content_type": 14,
        "object_id": "2",
        "object_repr": "5% for Galaxy S9",
        "action_flag": 1,
        "change_message": "[{\"added\": {}}]"
    }
}, {
    "model": "admin.logentry",
    "pk": 124,
    "fields": {
        "action_time": "2018-05-04T19:46:40.542Z",
        "user": 1,
        "content_type": 14,
        "object_id": "3",
        "object_repr": "20% for MacBook Pro",
        "action_flag": 1,
        "change_message": "[{\"added\": {}}]"
    }
}, {
    "model": "admin.logentry",
    "pk": 125,
    "fields": {
        "action_time": "2018-05-04T19:46:49.871Z",
        "user": 1,
        "content_type": 14,
        "object_id": "4",
        "object_repr": "23% for Dell Inspiron N4010",
        "action_flag": 1,
        "change_message": "[{\"added\": {}}]"
    }
}, {
    "model": "admin.logentry",
    "pk": 126,
    "fields": {
        "action_time": "2018-05-04T19:47:14.777Z",
        "user": 1,
        "content_type": 14,
        "object_id": "5",
        "object_repr": "50% for Santa fe",
        "action_flag": 1,
        "change_message": "[{\"added\": {}}]"
    }
}, {
    "model": "admin.logentry",
    "pk": 127,
    "fields": {
        "action_time": "2018-05-04T19:47:27.840Z",
        "user": 1,
        "content_type": 14,
        "object_id": "6",
        "object_repr": "30% for Cobra",
        "action_flag": 1,
        "change_message": "[{\"added\": {}}]"
    }
}, {
    "model": "admin.logentry",
    "pk": 128,
    "fields": {
        "action_time": "2018-05-04T19:47:45.355Z",
        "user": 1,
        "content_type": 14,
        "object_id": "7",
        "object_repr": "70% for Sans col",
        "action_flag": 1,
        "change_message": "[{\"added\": {}}]"
    }
}, {
    "model": "admin.logentry",
    "pk": 129,
    "fields": {
        "action_time": "2018-05-04T19:48:04.506Z",
        "user": 1,
        "content_type": 14,
        "object_id": "8",
        "object_repr": "60% for Under Armor x4",
        "action_flag": 1,
        "change_message": "[{\"added\": {}}]"
    }
}, {
    "model": "admin.logentry",
    "pk": 130,
    "fields": {
        "action_time": "2018-05-04T19:48:25.021Z",
        "user": 1,
        "content_type": 14,
        "object_id": "9",
        "object_repr": "29% for Ballon Molten",
        "action_flag": 1,
        "change_message": "[{\"added\": {}}]"
    }
}, {
    "model": "admin.logentry",
    "pk": 131,
    "fields": {
        "action_time": "2018-05-04T19:48:39.405Z",
        "user": 1,
        "content_type": 14,
        "object_id": "10",
        "object_repr": "90% for Ballon Nike Fiba",
        "action_flag": 1,
        "change_message": "[{\"added\": {}}]"
    }
}, {
    "model": "admin.logentry",
    "pk": 132,
    "fields": {
        "action_time": "2018-05-04T19:48:52.575Z",
        "user": 1,
        "content_type": 14,
        "object_id": "11",
        "object_repr": "50% for Tente 2P",
        "action_flag": 1,
        "change_message": "[{\"added\": {}}]"
    }
}, {
    "model": "admin.logentry",
    "pk": 133,
    "fields": {
        "action_time": "2018-05-04T19:49:19.156Z",
        "user": 1,
        "content_type": 14,
        "object_id": "12",
        "object_repr": "10% for CAT A200",
        "action_flag": 1,
        "change_message": "[{\"added\": {}}]"
    }
}, {
    "model": "admin.logentry",
    "pk": 134,
    "fields": {
        "action_time": "2018-05-04T19:49:39.572Z",
        "user": 1,
        "content_type": 14,
        "object_id": "13",
        "object_repr": "40% for Tommy Lyon",
        "action_flag": 1,
        "change_message": "[{\"added\": {}}]"
    }
}, {
    "model": "admin.logentry",
    "pk": 135,
    "fields": {
        "action_time": "2018-05-04T19:49:55.804Z",
        "user": 1,
        "content_type": 14,
        "object_id": "14",
        "object_repr": "60% for Fauteuil Dor\u00e9",
        "action_flag": 1,
        "change_message": "[{\"added\": {}}]"
    }
}, {
    "model": "admin.logentry",
    "pk": 136,
    "fields": {
        "action_time": "2018-05-04T19:50:11.275Z",
        "user": 1,
        "content_type": 14,
        "object_id": "15",
        "object_repr": "80% for Ultra doux shamp",
        "action_flag": 1,
        "change_message": "[{\"added\": {}}]"
    }
}, {
    "model": "admin.logentry",
    "pk": 137,
    "fields": {
        "action_time": "2018-05-04T19:50:20.323Z",
        "user": 1,
        "content_type": 14,
        "object_id": "16",
        "object_repr": "5% for Bois B29",
        "action_flag": 1,
        "change_message": "[{\"added\": {}}]"
    }
}, {
    "model": "admin.logentry",
    "pk": 138,
    "fields": {
        "action_time": "2018-05-04T21:57:47.375Z",
        "user": 1,
        "content_type": 4,
        "object_id": "1",
        "object_repr": "None",
        "action_flag": 1,
        "change_message": "[{\"added\": {}}]"
    }
}, {
    "model": "admin.logentry",
    "pk": 139,
    "fields": {
        "action_time": "2018-05-04T21:57:53.407Z",
        "user": 1,
        "content_type": 4,
        "object_id": "2",
        "object_repr": "Red",
        "action_flag": 1,
        "change_message": "[{\"added\": {}}]"
    }
}, {
    "model": "admin.logentry",
    "pk": 140,
    "fields": {
        "action_time": "2018-05-04T21:58:19.375Z",
        "user": 1,
        "content_type": 4,
        "object_id": "3",
        "object_repr": "Navy",
        "action_flag": 1,
        "change_message": "[{\"added\": {}}]"
    }
}, {
    "model": "admin.logentry",
    "pk": 141,
    "fields": {
        "action_time": "2018-05-04T21:59:23.484Z",
        "user": 1,
        "content_type": 17,
        "object_id": "1",
        "object_repr": "15 de iPhone X None",
        "action_flag": 1,
        "change_message": "[{\"added\": {}}]"
    }
}, {
    "model": "admin.logentry",
    "pk": 142,
    "fields": {
        "action_time": "2018-05-04T21:59:53.274Z",
        "user": 1,
        "content_type": 4,
        "object_id": "4",
        "object_repr": "White",
        "action_flag": 1,
        "change_message": "[{\"added\": {}}]"
    }
}, {
    "model": "admin.logentry",
    "pk": 143,
    "fields": {
        "action_time": "2018-05-04T22:00:52.470Z",
        "user": 1,
        "content_type": 17,
        "object_id": "2",
        "object_repr": "30 de iPhone X White",
        "action_flag": 1,
        "change_message": "[{\"added\": {}}]"
    }
}, {
    "model": "admin.logentry",
    "pk": 144,
    "fields": {
        "action_time": "2018-05-04T22:02:11.190Z",
        "user": 1,
        "content_type": 17,
        "object_id": "3",
        "object_repr": "6 de Galaxy Tab 3 White",
        "action_flag": 1,
        "change_message": "[{\"added\": {}}]"
    }
}, {
    "model": "admin.logentry",
    "pk": 145,
    "fields": {
        "action_time": "2018-05-04T22:02:27.741Z",
        "user": 1,
        "content_type": 4,
        "object_id": "5",
        "object_repr": "Gris",
        "action_flag": 1,
        "change_message": "[{\"added\": {}}]"
    }
}, {
    "model": "admin.logentry",
    "pk": 146,
    "fields": {
        "action_time": "2018-05-04T22:03:03.917Z",
        "user": 1,
        "content_type": 17,
        "object_id": "1",
        "object_repr": "15 de iPhone X Gris",
        "action_flag": 2,
        "change_message": "[{\"changed\": {\"fields\": [\"color\"]}}]"
    }
}, {
    "model": "admin.logentry",
    "pk": 147,
    "fields": {
        "action_time": "2018-05-04T22:03:39.538Z",
        "user": 1,
        "content_type": 4,
        "object_id": "6",
        "object_repr": "Black",
        "action_flag": 1,
        "change_message": "[{\"added\": {}}]"
    }
}, {
    "model": "admin.logentry",
    "pk": 148,
    "fields": {
        "action_time": "2018-05-04T22:03:41.082Z",
        "user": 1,
        "content_type": 17,
        "object_id": "4",
        "object_repr": "10 de Galaxy Tab 3 Black",
        "action_flag": 1,
        "change_message": "[{\"added\": {}}]"
    }
}, {
    "model": "admin.logentry",
    "pk": 149,
    "fields": {
        "action_time": "2018-05-04T22:04:40.126Z",
        "user": 1,
        "content_type": 17,
        "object_id": "5",
        "object_repr": "5 de MacBook Pro None",
        "action_flag": 1,
        "change_message": "[{\"added\": {}}]"
    }
}, {
    "model": "admin.logentry",
    "pk": 150,
    "fields": {
        "action_time": "2018-05-04T22:04:58.895Z",
        "user": 1,
        "content_type": 17,
        "object_id": "6",
        "object_repr": "3 de Dell Inspiron N4010 None",
        "action_flag": 1,
        "change_message": "[{\"added\": {}}]"
    }
}, {
    "model": "admin.logentry",
    "pk": 151,
    "fields": {
        "action_time": "2018-05-04T22:05:18.998Z",
        "user": 1,
        "content_type": 17,
        "object_id": "7",
        "object_repr": "2 de BMW X4 Red",
        "action_flag": 1,
        "change_message": "[{\"added\": {}}]"
    }
}, {
    "model": "admin.logentry",
    "pk": 152,
    "fields": {
        "action_time": "2018-05-04T22:05:46.683Z",
        "user": 1,
        "content_type": 17,
        "object_id": "8",
        "object_repr": "1 de BMW X4 Navy",
        "action_flag": 1,
        "change_message": "[{\"added\": {}}]"
    }
}, {
    "model": "admin.logentry",
    "pk": 153,
    "fields": {
        "action_time": "2018-05-04T22:06:06.798Z",
        "user": 1,
        "content_type": 17,
        "object_id": "9",
        "object_repr": "2 de Santa fe None",
        "action_flag": 1,
        "change_message": "[{\"added\": {}}]"
    }
}, {
    "model": "admin.logentry",
    "pk": 154,
    "fields": {
        "action_time": "2018-05-04T22:06:31.778Z",
        "user": 1,
        "content_type": 4,
        "object_id": "7",
        "object_repr": "Blue",
        "action_flag": 1,
        "change_message": "[{\"added\": {}}]"
    }
}, {
    "model": "admin.logentry",
    "pk": 155,
    "fields": {
        "action_time": "2018-05-04T22:06:37.837Z",
        "user": 1,
        "content_type": 17,
        "object_id": "10",
        "object_repr": "9 de Cobra Blue",
        "action_flag": 1,
        "change_message": "[{\"added\": {}}]"
    }
}, {
    "model": "admin.logentry",
    "pk": 156,
    "fields": {
        "action_time": "2018-05-04T22:08:19.328Z",
        "user": 1,
        "content_type": 17,
        "object_id": "11",
        "object_repr": "10 de Sans col Black",
        "action_flag": 1,
        "change_message": "[{\"added\": {}}]"
    }
}, {
    "model": "admin.logentry",
    "pk": 157,
    "fields": {
        "action_time": "2018-05-04T22:08:34.512Z",
        "user": 1,
        "content_type": 17,
        "object_id": "12",
        "object_repr": "5 de Under Armor x4 Blue",
        "action_flag": 1,
        "change_message": "[{\"added\": {}}]"
    }
}, {
    "model": "admin.logentry",
    "pk": 158,
    "fields": {
        "action_time": "2018-05-04T22:08:57.660Z",
        "user": 1,
        "content_type": 17,
        "object_id": "13",
        "object_repr": "1 de Under Armor x4 Black",
        "action_flag": 1,
        "change_message": "[{\"added\": {}}]"
    }
}, {
    "model": "admin.logentry",
    "pk": 159,
    "fields": {
        "action_time": "2018-05-04T22:28:57.298Z",
        "user": 1,
        "content_type": 17,
        "object_id": "14",
        "object_repr": "20 de Ballon Molten None",
        "action_flag": 1,
        "change_message": "[{\"added\": {}}]"
    }
}, {
    "model": "admin.logentry",
    "pk": 160,
    "fields": {
        "action_time": "2018-05-04T22:29:04.131Z",
        "user": 1,
        "content_type": 17,
        "object_id": "15",
        "object_repr": "30 de Ballon Nike Fiba None",
        "action_flag": 1,
        "change_message": "[{\"added\": {}}]"
    }
}, {
    "model": "admin.logentry",
    "pk": 161,
    "fields": {
        "action_time": "2018-05-04T22:29:14.057Z",
        "user": 1,
        "content_type": 17,
        "object_id": "16",
        "object_repr": "4 de Tente 2P None",
        "action_flag": 1,
        "change_message": "[{\"added\": {}}]"
    }
}, {
    "model": "admin.logentry",
    "pk": 162,
    "fields": {
        "action_time": "2018-05-04T22:29:21.019Z",
        "user": 1,
        "content_type": 17,
        "object_id": "17",
        "object_repr": "2 de CAT A200 None",
        "action_flag": 1,
        "change_message": "[{\"added\": {}}]"
    }
}, {
    "model": "admin.logentry",
    "pk": 163,
    "fields": {
        "action_time": "2018-05-04T22:29:29.379Z",
        "user": 1,
        "content_type": 17,
        "object_id": "18",
        "object_repr": "4 de Tommy Lyon None",
        "action_flag": 1,
        "change_message": "[{\"added\": {}}]"
    }
}, {
    "model": "admin.logentry",
    "pk": 164,
    "fields": {
        "action_time": "2018-05-04T22:29:40.652Z",
        "user": 1,
        "content_type": 17,
        "object_id": "19",
        "object_repr": "5 de Fauteuil Dor\u00e9 None",
        "action_flag": 1,
        "change_message": "[{\"added\": {}}]"
    }
}, {
    "model": "admin.logentry",
    "pk": 165,
    "fields": {
        "action_time": "2018-05-04T22:29:48.664Z",
        "user": 1,
        "content_type": 17,
        "object_id": "20",
        "object_repr": "8 de Fauteuil L09 None",
        "action_flag": 1,
        "change_message": "[{\"added\": {}}]"
    }
}, {
    "model": "admin.logentry",
    "pk": 166,
    "fields": {
        "action_time": "2018-05-04T22:30:04.132Z",
        "user": 1,
        "content_type": 17,
        "object_id": "21",
        "object_repr": "10 de Produit Dettol None",
        "action_flag": 1,
        "change_message": "[{\"added\": {}}]"
    }
}, {
    "model": "admin.logentry",
    "pk": 167,
    "fields": {
        "action_time": "2018-05-04T22:30:17.250Z",
        "user": 1,
        "content_type": 17,
        "object_id": "22",
        "object_repr": "20 de Ultra doux shamp None",
        "action_flag": 1,
        "change_message": "[{\"added\": {}}]"
    }
}, {
    "model": "admin.logentry",
    "pk": 168,
    "fields": {
        "action_time": "2018-05-04T22:30:30.252Z",
        "user": 1,
        "content_type": 17,
        "object_id": "23",
        "object_repr": "100 de Fer f8 None",
        "action_flag": 1,
        "change_message": "[{\"added\": {}}]"
    }
}, {
    "model": "admin.logentry",
    "pk": 169,
    "fields": {
        "action_time": "2018-05-04T22:30:39.546Z",
        "user": 1,
        "content_type": 17,
        "object_id": "24",
        "object_repr": "200 de Bois B29 None",
        "action_flag": 1,
        "change_message": "[{\"added\": {}}]"
    }
}, {
    "model": "admin.logentry",
    "pk": 170,
    "fields": {
        "action_time": "2018-05-04T22:30:47.096Z",
        "user": 1,
        "content_type": 17,
        "object_id": "25",
        "object_repr": "150 de Aluminium A0 None",
        "action_flag": 1,
        "change_message": "[{\"added\": {}}]"
    }
}, {
    "model": "admin.logentry",
    "pk": 171,
    "fields": {
        "action_time": "2018-05-04T22:44:25.172Z",
        "user": 1,
        "content_type": 14,
        "object_id": "1",
        "object_repr": "10% for iPhone X",
        "action_flag": 2,
        "change_message": "[{\"changed\": {\"fields\": [\"dateFin\"]}}]"
    }
}, {
    "model": "admin.logentry",
    "pk": 172,
    "fields": {
        "action_time": "2018-05-04T22:44:42.379Z",
        "user": 1,
        "content_type": 14,
        "object_id": "2",
        "object_repr": "5% for Galaxy S9",
        "action_flag": 2,
        "change_message": "[{\"changed\": {\"fields\": [\"dateFin\"]}}]"
    }
}, {
    "model": "admin.logentry",
    "pk": 173,
    "fields": {
        "action_time": "2018-05-04T22:45:00.010Z",
        "user": 1,
        "content_type": 14,
        "object_id": "3",
        "object_repr": "20% for MacBook Pro",
        "action_flag": 2,
        "change_message": "[{\"changed\": {\"fields\": [\"dateFin\"]}}]"
    }
}, {
    "model": "admin.logentry",
    "pk": 174,
    "fields": {
        "action_time": "2018-05-04T22:46:00.780Z",
        "user": 1,
        "content_type": 14,
        "object_id": "4",
        "object_repr": "23% for Dell Inspiron N4010",
        "action_flag": 2,
        "change_message": "[{\"changed\": {\"fields\": [\"dateFin\"]}}]"
    }
}, {
    "model": "admin.logentry",
    "pk": 175,
    "fields": {
        "action_time": "2018-05-04T22:46:26.264Z",
        "user": 1,
        "content_type": 14,
        "object_id": "5",
        "object_repr": "50% for Santa fe",
        "action_flag": 2,
        "change_message": "[{\"changed\": {\"fields\": [\"dateFin\"]}}]"
    }
}, {
    "model": "admin.logentry",
    "pk": 176,
    "fields": {
        "action_time": "2018-05-04T22:46:39.449Z",
        "user": 1,
        "content_type": 14,
        "object_id": "6",
        "object_repr": "30% for Cobra",
        "action_flag": 2,
        "change_message": "[{\"changed\": {\"fields\": [\"dateFin\"]}}]"
    }
}, {
    "model": "admin.logentry",
    "pk": 177,
    "fields": {
        "action_time": "2018-05-04T22:47:10.088Z",
        "user": 1,
        "content_type": 14,
        "object_id": "7",
        "object_repr": "70% for Sans col",
        "action_flag": 2,
        "change_message": "[{\"changed\": {\"fields\": [\"dateFin\"]}}]"
    }
}, {
    "model": "admin.logentry",
    "pk": 178,
    "fields": {
        "action_time": "2018-05-04T22:47:48.454Z",
        "user": 1,
        "content_type": 14,
        "object_id": "8",
        "object_repr": "60% for Under Armor x4",
        "action_flag": 2,
        "change_message": "[{\"changed\": {\"fields\": [\"dateFin\"]}}]"
    }
}, {
    "model": "admin.logentry",
    "pk": 179,
    "fields": {
        "action_time": "2018-05-04T22:48:01.564Z",
        "user": 1,
        "content_type": 14,
        "object_id": "9",
        "object_repr": "29% for Ballon Molten",
        "action_flag": 2,
        "change_message": "[{\"changed\": {\"fields\": [\"dateFin\"]}}]"
    }
}, {
    "model": "admin.logentry",
    "pk": 180,
    "fields": {
        "action_time": "2018-05-04T22:48:14.501Z",
        "user": 1,
        "content_type": 14,
        "object_id": "10",
        "object_repr": "90% for Ballon Nike Fiba",
        "action_flag": 2,
        "change_message": "[{\"changed\": {\"fields\": [\"dateFin\"]}}]"
    }
}, {
    "model": "admin.logentry",
    "pk": 181,
    "fields": {
        "action_time": "2018-05-04T22:48:39.071Z",
        "user": 1,
        "content_type": 14,
        "object_id": "11",
        "object_repr": "50% for Tente 2P",
        "action_flag": 2,
        "change_message": "[{\"changed\": {\"fields\": [\"dateFin\"]}}]"
    }
}, {
    "model": "admin.logentry",
    "pk": 182,
    "fields": {
        "action_time": "2018-05-04T22:48:54.453Z",
        "user": 1,
        "content_type": 14,
        "object_id": "12",
        "object_repr": "10% for CAT A200",
        "action_flag": 2,
        "change_message": "[{\"changed\": {\"fields\": [\"dateFin\"]}}]"
    }
}, {
    "model": "admin.logentry",
    "pk": 183,
    "fields": {
        "action_time": "2018-05-04T22:49:02.624Z",
        "user": 1,
        "content_type": 14,
        "object_id": "13",
        "object_repr": "40% for Tommy Lyon",
        "action_flag": 2,
        "change_message": "[{\"changed\": {\"fields\": [\"dateFin\"]}}]"
    }
}, {
    "model": "admin.logentry",
    "pk": 184,
    "fields": {
        "action_time": "2018-05-04T22:49:15.847Z",
        "user": 1,
        "content_type": 14,
        "object_id": "14",
        "object_repr": "60% for Fauteuil Dor\u00e9",
        "action_flag": 2,
        "change_message": "[{\"changed\": {\"fields\": [\"dateFin\"]}}]"
    }
}, {
    "model": "admin.logentry",
    "pk": 185,
    "fields": {
        "action_time": "2018-05-04T22:49:25.899Z",
        "user": 1,
        "content_type": 14,
        "object_id": "15",
        "object_repr": "80% for Ultra doux shamp",
        "action_flag": 2,
        "change_message": "[{\"changed\": {\"fields\": [\"dateFin\"]}}]"
    }
}, {
    "model": "admin.logentry",
    "pk": 186,
    "fields": {
        "action_time": "2018-05-04T22:49:41.085Z",
        "user": 1,
        "content_type": 14,
        "object_id": "16",
        "object_repr": "5% for Bois B29",
        "action_flag": 2,
        "change_message": "[{\"changed\": {\"fields\": [\"dateFin\"]}}]"
    }
}, {
    "model": "admin.logentry",
    "pk": 187,
    "fields": {
        "action_time": "2018-05-04T22:59:30.908Z",
        "user": 1,
        "content_type": 14,
        "object_id": "15",
        "object_repr": "80% for Ultra doux shamp",
        "action_flag": 2,
        "change_message": "[{\"changed\": {\"fields\": [\"daily\"]}}]"
    }
}, {
    "model": "admin.logentry",
    "pk": 188,
    "fields": {
        "action_time": "2018-05-04T22:59:38.937Z",
        "user": 1,
        "content_type": 14,
        "object_id": "4",
        "object_repr": "23% for Dell Inspiron N4010",
        "action_flag": 2,
        "change_message": "[{\"changed\": {\"fields\": [\"daily\"]}}]"
    }
}, {
    "model": "admin.logentry",
    "pk": 189,
    "fields": {
        "action_time": "2018-05-04T22:59:44.992Z",
        "user": 1,
        "content_type": 14,
        "object_id": "1",
        "object_repr": "10% for iPhone X",
        "action_flag": 2,
        "change_message": "[{\"changed\": {\"fields\": [\"daily\"]}}]"
    }
}, {
    "model": "admin.logentry",
    "pk": 190,
    "fields": {
        "action_time": "2018-05-04T22:59:54.887Z",
        "user": 1,
        "content_type": 14,
        "object_id": "11",
        "object_repr": "50% for Tente 2P",
        "action_flag": 2,
        "change_message": "[{\"changed\": {\"fields\": [\"daily\"]}}]"
    }
}, {
    "model": "admin.logentry",
    "pk": 191,
    "fields": {
        "action_time": "2018-05-04T23:00:05.096Z",
        "user": 1,
        "content_type": 14,
        "object_id": "10",
        "object_repr": "90% for Ballon Nike Fiba",
        "action_flag": 2,
        "change_message": "[{\"changed\": {\"fields\": [\"daily\"]}}]"
    }
}, {
    "model": "admin.logentry",
    "pk": 192,
    "fields": {
        "action_time": "2018-05-04T23:00:13.611Z",
        "user": 1,
        "content_type": 14,
        "object_id": "13",
        "object_repr": "40% for Tommy Lyon",
        "action_flag": 2,
        "change_message": "[{\"changed\": {\"fields\": [\"daily\"]}}]"
    }
}, {
    "model": "admin.logentry",
    "pk": 193,
    "fields": {
        "action_time": "2018-05-04T23:40:23.144Z",
        "user": 1,
        "content_type": 7,
        "object_id": "1",
        "object_repr": "info 1 iPhone X",
        "action_flag": 1,
        "change_message": "[{\"added\": {}}]"
    }
}, {
    "model": "admin.logentry",
    "pk": 194,
    "fields": {
        "action_time": "2018-05-04T23:51:02.878Z",
        "user": 1,
        "content_type": 7,
        "object_id": "2",
        "object_repr": "info 2 iPhone X",
        "action_flag": 1,
        "change_message": "[{\"added\": {}}]"
    }
}, {
    "model": "admin.logentry",
    "pk": 195,
    "fields": {
        "action_time": "2018-05-04T23:51:36.710Z",
        "user": 1,
        "content_type": 7,
        "object_id": "3",
        "object_repr": "info 3 iPhone X",
        "action_flag": 1,
        "change_message": "[{\"added\": {}}]"
    }
}, {
    "model": "admin.logentry",
    "pk": 196,
    "fields": {
        "action_time": "2018-05-04T23:51:50.710Z",
        "user": 1,
        "content_type": 7,
        "object_id": "4",
        "object_repr": "info 4 iPhone X",
        "action_flag": 1,
        "change_message": "[{\"added\": {}}]"
    }
}, {
    "model": "admin.logentry",
    "pk": 197,
    "fields": {
        "action_time": "2018-05-04T23:52:26.626Z",
        "user": 1,
        "content_type": 7,
        "object_id": "5",
        "object_repr": "info 5 Galaxy S9",
        "action_flag": 1,
        "change_message": "[{\"added\": {}}]"
    }
}, {
    "model": "admin.logentry",
    "pk": 198,
    "fields": {
        "action_time": "2018-05-04T23:52:39.315Z",
        "user": 1,
        "content_type": 7,
        "object_id": "6",
        "object_repr": "info 6 Galaxy S9",
        "action_flag": 1,
        "change_message": "[{\"added\": {}}]"
    }
}, {
    "model": "admin.logentry",
    "pk": 199,
    "fields": {
        "action_time": "2018-05-04T23:53:10.546Z",
        "user": 1,
        "content_type": 7,
        "object_id": "7",
        "object_repr": "info 7 Galaxy S9",
        "action_flag": 1,
        "change_message": "[{\"added\": {}}]"
    }
}, {
    "model": "admin.logentry",
    "pk": 200,
    "fields": {
        "action_time": "2018-05-04T23:53:19.705Z",
        "user": 1,
        "content_type": 7,
        "object_id": "8",
        "object_repr": "info 8 Galaxy S9",
        "action_flag": 1,
        "change_message": "[{\"added\": {}}]"
    }
}, {
    "model": "admin.logentry",
    "pk": 201,
    "fields": {
        "action_time": "2018-05-04T23:53:57.365Z",
        "user": 1,
        "content_type": 7,
        "object_id": "9",
        "object_repr": "info 9 Dell Inspiron N4010",
        "action_flag": 1,
        "change_message": "[{\"added\": {}}]"
    }
}, {
    "model": "admin.logentry",
    "pk": 202,
    "fields": {
        "action_time": "2018-05-04T23:54:11.352Z",
        "user": 1,
        "content_type": 7,
        "object_id": "10",
        "object_repr": "info 10 Dell Inspiron N4010",
        "action_flag": 1,
        "change_message": "[{\"added\": {}}]"
    }
}, {
    "model": "admin.logentry",
    "pk": 203,
    "fields": {
        "action_time": "2018-05-05T00:29:10.246Z",
        "user": 1,
        "content_type": 17,
        "object_id": "25",
        "object_repr": "150 de Aluminium A0 None",
        "action_flag": 2,
        "change_message": "[]"
    }
}, {
    "model": "admin.logentry",
    "pk": 204,
    "fields": {
        "action_time": "2018-05-05T00:32:52.227Z",
        "user": 1,
        "content_type": 17,
        "object_id": "1",
        "object_repr": "15 de iPhone X Gris",
        "action_flag": 2,
        "change_message": "[]"
    }
}, {
    "model": "admin.logentry",
    "pk": 205,
    "fields": {
        "action_time": "2018-05-05T00:32:56.357Z",
        "user": 1,
        "content_type": 17,
        "object_id": "2",
        "object_repr": "30 de iPhone X White",
        "action_flag": 2,
        "change_message": "[]"
    }
}, {
    "model": "admin.logentry",
    "pk": 206,
    "fields": {
        "action_time": "2018-05-05T00:55:46.423Z",
        "user": 1,
        "content_type": 17,
        "object_id": "1",
        "object_repr": "10 de iPhone X Gris",
        "action_flag": 2,
        "change_message": "[{\"changed\": {\"fields\": [\"quantity\", \"first_quantity\"]}}]"
    }
}, {
    "model": "admin.logentry",
    "pk": 207,
    "fields": {
        "action_time": "2018-05-05T01:54:11.887Z",
        "user": 1,
        "content_type": 8,
        "object_id": "1",
        "object_repr": "vote 1 iPhone X",
        "action_flag": 1,
        "change_message": "[{\"added\": {}}]"
    }
}, {
    "model": "admin.logentry",
    "pk": 208,
    "fields": {
        "action_time": "2018-05-05T01:54:43.201Z",
        "user": 1,
        "content_type": 8,
        "object_id": "2",
        "object_repr": "vote 2 iPhone X",
        "action_flag": 1,
        "change_message": "[{\"added\": {}}]"
    }
}, {
    "model": "admin.logentry",
    "pk": 209,
    "fields": {
        "action_time": "2018-05-05T01:56:27.124Z",
        "user": 1,
        "content_type": 8,
        "object_id": "3",
        "object_repr": "vote 3,  2 : Dell Inspiron N4010",
        "action_flag": 1,
        "change_message": "[{\"added\": {}}]"
    }
}, {
    "model": "admin.logentry",
    "pk": 210,
    "fields": {
        "action_time": "2018-05-05T01:56:55.530Z",
        "user": 1,
        "content_type": 8,
        "object_id": "4",
        "object_repr": "vote 4,  3 : Dell Inspiron N4010",
        "action_flag": 1,
        "change_message": "[{\"added\": {}}]"
    }
}, {
    "model": "admin.logentry",
    "pk": 211,
    "fields": {
        "action_time": "2018-05-05T02:39:57.800Z",
        "user": 1,
        "content_type": 17,
        "object_id": "15",
        "object_repr": "20 de Ballon Nike Fiba None",
        "action_flag": 2,
        "change_message": "[{\"changed\": {\"fields\": [\"quantity\"]}}]"
    }
}, {
    "model": "admin.logentry",
    "pk": 212,
    "fields": {
        "action_time": "2018-05-05T02:40:34.200Z",
        "user": 1,
        "content_type": 17,
        "object_id": "16",
        "object_repr": "2 de Tente 2P None",
        "action_flag": 2,
        "change_message": "[{\"changed\": {\"fields\": [\"quantity\"]}}]"
    }
}, {
    "model": "admin.logentry",
    "pk": 213,
    "fields": {
        "action_time": "2018-05-05T02:59:25.687Z",
        "user": 1,
        "content_type": 7,
        "object_id": "11",
        "object_repr": "info 11 Dell Inspiron N4010",
        "action_flag": 1,
        "change_message": "[{\"added\": {}}]"
    }
}, {
    "model": "admin.logentry",
    "pk": 214,
    "fields": {
        "action_time": "2018-05-05T02:59:41.015Z",
        "user": 1,
        "content_type": 7,
        "object_id": "9",
        "object_repr": "info 9 Dell Inspiron N4010",
        "action_flag": 2,
        "change_message": "[{\"changed\": {\"fields\": [\"value\"]}}]"
    }
}, {
    "model": "admin.logentry",
    "pk": 215,
    "fields": {
        "action_time": "2018-05-05T03:00:35.309Z",
        "user": 1,
        "content_type": 7,
        "object_id": "12",
        "object_repr": "info 12 Dell Inspiron N4010",
        "action_flag": 1,
        "change_message": "[{\"added\": {}}]"
    }
}, {
    "model": "admin.logentry",
    "pk": 216,
    "fields": {
        "action_time": "2018-05-05T03:01:04.638Z",
        "user": 1,
        "content_type": 17,
        "object_id": "6",
        "object_repr": "3 de Dell Inspiron N4010 None",
        "action_flag": 2,
        "change_message": "[{\"changed\": {\"fields\": [\"first_quantity\"]}}]"
    }
}, {
    "model": "admin.logentry",
    "pk": 217,
    "fields": {
        "action_time": "2018-05-05T14:35:19.875Z",
        "user": 1,
        "content_type": 13,
        "object_id": "1",
        "object_repr": "admin",
        "action_flag": 1,
        "change_message": "[{\"added\": {}}]"
    }
}, {
    "model": "admin.logentry",
    "pk": 218,
    "fields": {
        "action_time": "2018-05-05T14:38:25.757Z",
        "user": 1,
        "content_type": 10,
        "object_id": "1",
        "object_repr": "Order 1 de admin",
        "action_flag": 1,
        "change_message": "[{\"added\": {}}]"
    }
}, {
    "model": "admin.logentry",
    "pk": 219,
    "fields": {
        "action_time": "2018-05-05T14:42:21.949Z",
        "user": 1,
        "content_type": 23,
        "object_id": "1",
        "object_repr": "admin",
        "action_flag": 2,
        "change_message": "[{\"changed\": {\"fields\": [\"first_name\", \"last_name\"]}}]"
    }
}, {
    "model": "admin.logentry",
    "pk": 220,
    "fields": {
        "action_time": "2018-05-05T14:43:02.136Z",
        "user": 1,
        "content_type": 23,
        "object_id": "2",
        "object_repr": "oujrianass",
        "action_flag": 1,
        "change_message": "[{\"added\": {}}]"
    }
}, {
    "model": "admin.logentry",
    "pk": 221,
    "fields": {
        "action_time": "2018-05-05T14:43:15.741Z",
        "user": 1,
        "content_type": 23,
        "object_id": "2",
        "object_repr": "oujrianass",
        "action_flag": 2,
        "change_message": "[{\"changed\": {\"fields\": [\"first_name\", \"last_name\"]}}]"
    }
}, {
    "model": "admin.logentry",
    "pk": 222,
    "fields": {
        "action_time": "2018-05-05T14:43:25.560Z",
        "user": 1,
        "content_type": 23,
        "object_id": "2",
        "object_repr": "oujrianass",
        "action_flag": 2,
        "change_message": "[]"
    }
}, {
    "model": "admin.logentry",
    "pk": 223,
    "fields": {
        "action_time": "2018-05-05T14:44:22.497Z",
        "user": 1,
        "content_type": 23,
        "object_id": "3",
        "object_repr": "erramiimade",
        "action_flag": 1,
        "change_message": "[{\"added\": {}}]"
    }
}, {
    "model": "admin.logentry",
    "pk": 224,
    "fields": {
        "action_time": "2018-05-05T14:44:29.296Z",
        "user": 1,
        "content_type": 13,
        "object_id": "2",
        "object_repr": "erramiimade",
        "action_flag": 1,
        "change_message": "[{\"added\": {}}]"
    }
}, {
    "model": "admin.logentry",
    "pk": 225,
    "fields": {
        "action_time": "2018-05-05T14:45:01.536Z",
        "user": 1,
        "content_type": 13,
        "object_id": "3",
        "object_repr": "oujrianass",
        "action_flag": 1,
        "change_message": "[{\"added\": {}}]"
    }
}, {
    "model": "admin.logentry",
    "pk": 226,
    "fields": {
        "action_time": "2018-05-05T14:45:57.136Z",
        "user": 1,
        "content_type": 11,
        "object_id": "1",
        "object_repr": "OrderLine object (1)",
        "action_flag": 1,
        "change_message": "[{\"added\": {}}]"
    }
}, {
    "model": "admin.logentry",
    "pk": 227,
    "fields": {
        "action_time": "2018-05-05T14:46:35.659Z",
        "user": 1,
        "content_type": 11,
        "object_id": "2",
        "object_repr": "OrderLine object (2)",
        "action_flag": 1,
        "change_message": "[{\"added\": {}}]"
    }
}, {
    "model": "admin.logentry",
    "pk": 228,
    "fields": {
        "action_time": "2018-05-05T14:48:41.264Z",
        "user": 1,
        "content_type": 10,
        "object_id": "2",
        "object_repr": "Order 2 de erramiimade",
        "action_flag": 1,
        "change_message": "[{\"added\": {}}]"
    }
}, {
    "model": "admin.logentry",
    "pk": 229,
    "fields": {
        "action_time": "2018-05-05T14:49:25.662Z",
        "user": 1,
        "content_type": 11,
        "object_id": "3",
        "object_repr": "OrderLine object (3)",
        "action_flag": 1,
        "change_message": "[{\"added\": {}}]"
    }
}, {
    "model": "admin.logentry",
    "pk": 230,
    "fields": {
        "action_time": "2018-05-05T14:50:35.484Z",
        "user": 1,
        "content_type": 11,
        "object_id": "4",
        "object_repr": "OrderLine object (4)",
        "action_flag": 1,
        "change_message": "[{\"added\": {}}]"
    }
}, {
    "model": "admin.logentry",
    "pk": 231,
    "fields": {
        "action_time": "2018-05-05T15:50:56.822Z",
        "user": 1,
        "content_type": 26,
        "object_id": "1",
        "object_repr": "BillingAddress object (1)",
        "action_flag": 1,
        "change_message": "[{\"added\": {}}]"
    }
}, {
    "model": "admin.logentry",
    "pk": 232,
    "fields": {
        "action_time": "2018-05-05T15:59:14.513Z",
        "user": 1,
        "content_type": 26,
        "object_id": "1",
        "object_repr": "admin Qebibat, Lotion N\u00b0 296",
        "action_flag": 1,
        "change_message": "[{\"added\": {}}]"
    }
}, {
    "model": "admin.logentry",
    "pk": 233,
    "fields": {
        "action_time": "2018-05-05T16:00:43.922Z",
        "user": 1,
        "content_type": 27,
        "object_id": "2",
        "object_repr": "admin KHIAM 3 N\u00b0 296",
        "action_flag": 1,
        "change_message": "[{\"added\": {}}]"
    }
}, {
    "model": "admin.logentry",
    "pk": 234,
    "fields": {
        "action_time": "2018-05-05T16:55:17.838Z",
        "user": 1,
        "content_type": 14,
        "object_id": "17",
        "object_repr": "1% for iPhone X",
        "action_flag": 1,
        "change_message": "[{\"added\": {}}]"
    }
}, {
    "model": "admin.logentry",
    "pk": 235,
    "fields": {
        "action_time": "2018-05-05T17:12:42.256Z",
        "user": 1,
        "content_type": 8,
        "object_id": "5",
        "object_repr": "vote 5,  3 : Ultra doux shamp",
        "action_flag": 1,
        "change_message": "[{\"added\": {}}]"
    }
}, {
    "model": "admin.logentry",
    "pk": 236,
    "fields": {
        "action_time": "2018-05-05T17:13:22.503Z",
        "user": 1,
        "content_type": 8,
        "object_id": "6",
        "object_repr": "vote 6,  4 : Tommy Lyon",
        "action_flag": 1,
        "change_message": "[{\"added\": {}}]"
    }
}, {
    "model": "admin.logentry",
    "pk": 237,
    "fields": {
        "action_time": "2018-05-05T17:13:41.617Z",
        "user": 1,
        "content_type": 8,
        "object_id": "7",
        "object_repr": "vote 7,  5 : Sans col",
        "action_flag": 1,
        "change_message": "[{\"added\": {}}]"
    }
}, {
    "model": "admin.logentry",
    "pk": 238,
    "fields": {
        "action_time": "2018-05-05T19:21:50.483Z",
        "user": 1,
        "content_type": 5,
        "object_id": "8",
        "object_repr": "Jeux",
        "action_flag": 1,
        "change_message": "[{\"added\": {}}]"
    }
}, {
    "model": "admin.logentry",
    "pk": 239,
    "fields": {
        "action_time": "2018-05-05T19:24:08.397Z",
        "user": 1,
        "content_type": 5,
        "object_id": "9",
        "object_repr": "Aliments",
        "action_flag": 1,
        "change_message": "[{\"added\": {}}]"
    }
}, {
    "model": "admin.logentry",
    "pk": 240,
    "fields": {
        "action_time": "2018-05-05T20:32:28.079Z",
        "user": 1,
        "content_type": 12,
        "object_id": "6",
        "object_repr": "BMW X4",
        "action_flag": 2,
        "change_message": "[{\"changed\": {\"fields\": [\"image\"]}}]"
    }
}, {
    "model": "admin.logentry",
    "pk": 241,
    "fields": {
        "action_time": "2018-05-05T20:32:30.722Z",
        "user": 1,
        "content_type": 6,
        "object_id": "11",
        "object_repr": "image 11 BMW X4",
        "action_flag": 2,
        "change_message": "[{\"changed\": {\"fields\": [\"image\"]}}]"
    }
}, {
    "model": "admin.logentry",
    "pk": 242,
    "fields": {
        "action_time": "2018-05-05T20:33:32.927Z",
        "user": 1,
        "content_type": 6,
        "object_id": "12",
        "object_repr": "image 12 BMW X4",
        "action_flag": 2,
        "change_message": "[{\"changed\": {\"fields\": [\"image\"]}}]"
    }
}, {
    "model": "admin.logentry",
    "pk": 243,
    "fields": {
        "action_time": "2018-05-05T20:33:40.675Z",
        "user": 1,
        "content_type": 6,
        "object_id": "32",
        "object_repr": "image 32 BMW X4",
        "action_flag": 1,
        "change_message": "[{\"added\": {}}]"
    }
}, {
    "model": "admin.logentry",
    "pk": 244,
    "fields": {
        "action_time": "2018-05-05T20:37:38.454Z",
        "user": 1,
        "content_type": 12,
        "object_id": "7",
        "object_repr": "Santa fe",
        "action_flag": 2,
        "change_message": "[{\"changed\": {\"fields\": [\"image\"]}}]"
    }
}, {
    "model": "admin.logentry",
    "pk": 245,
    "fields": {
        "action_time": "2018-05-05T20:37:40.358Z",
        "user": 1,
        "content_type": 6,
        "object_id": "13",
        "object_repr": "image 13 Santa fe",
        "action_flag": 2,
        "change_message": "[{\"changed\": {\"fields\": [\"image\"]}}]"
    }
}, {
    "model": "admin.logentry",
    "pk": 246,
    "fields": {
        "action_time": "2018-05-05T20:38:21.413Z",
        "user": 1,
        "content_type": 6,
        "object_id": "13",
        "object_repr": "image 13 Santa fe",
        "action_flag": 2,
        "change_message": "[{\"changed\": {\"fields\": [\"image\"]}}]"
    }
}, {
    "model": "admin.logentry",
    "pk": 247,
    "fields": {
        "action_time": "2018-05-06T01:15:39.101Z",
        "user": 1,
        "content_type": 23,
        "object_id": "2",
        "object_repr": "oujrianass",
        "action_flag": 2,
        "change_message": "[{\"changed\": {\"fields\": [\"user_permissions\"]}}]"
    }
}, {
    "model": "admin.logentry",
    "pk": 248,
    "fields": {
        "action_time": "2018-05-06T01:18:48.806Z",
        "user": 1,
        "content_type": 2,
        "object_id": "1",
        "object_repr": "Apple",
        "action_flag": 2,
        "change_message": "[{\"changed\": {\"fields\": [\"image\"]}}]"
    }
}, {
    "model": "admin.logentry",
    "pk": 249,
    "fields": {
        "action_time": "2018-05-06T01:34:26.678Z",
        "user": 1,
        "content_type": 2,
        "object_id": "17",
        "object_repr": "Dettol",
        "action_flag": 2,
        "change_message": "[{\"changed\": {\"fields\": [\"image\"]}}]"
    }
}, {
    "model": "admin.logentry",
    "pk": 250,
    "fields": {
        "action_time": "2018-05-06T01:34:38.879Z",
        "user": 1,
        "content_type": 2,
        "object_id": "16",
        "object_repr": "KITEA",
        "action_flag": 2,
        "change_message": "[{\"changed\": {\"fields\": [\"image\"]}}]"
    }
}, {
    "model": "admin.logentry",
    "pk": 251,
    "fields": {
        "action_time": "2018-05-06T01:34:46.203Z",
        "user": 1,
        "content_type": 2,
        "object_id": "13",
        "object_repr": "CAT",
        "action_flag": 2,
        "change_message": "[{\"changed\": {\"fields\": [\"image\"]}}]"
    }
}, {
    "model": "admin.logentry",
    "pk": 252,
    "fields": {
        "action_time": "2018-05-06T01:34:53.692Z",
        "user": 1,
        "content_type": 2,
        "object_id": "12",
        "object_repr": "D\u00e9cathlon",
        "action_flag": 2,
        "change_message": "[{\"changed\": {\"fields\": [\"image\"]}}]"
    }
}, {
    "model": "admin.logentry",
    "pk": 253,
    "fields": {
        "action_time": "2018-05-06T01:35:07.811Z",
        "user": 1,
        "content_type": 2,
        "object_id": "11",
        "object_repr": "Garnier",
        "action_flag": 2,
        "change_message": "[{\"changed\": {\"fields\": [\"image\"]}}]"
    }
}, {
    "model": "admin.logentry",
    "pk": 254,
    "fields": {
        "action_time": "2018-05-06T01:35:16.399Z",
        "user": 1,
        "content_type": 2,
        "object_id": "10",
        "object_repr": "Molten",
        "action_flag": 2,
        "change_message": "[{\"changed\": {\"fields\": [\"image\"]}}]"
    }
}, {
    "model": "admin.logentry",
    "pk": 255,
    "fields": {
        "action_time": "2018-05-06T01:35:22.157Z",
        "user": 1,
        "content_type": 2,
        "object_id": "9",
        "object_repr": "Nike",
        "action_flag": 2,
        "change_message": "[{\"changed\": {\"fields\": [\"image\"]}}]"
    }
}, {
    "model": "admin.logentry",
    "pk": 256,
    "fields": {
        "action_time": "2018-05-06T01:35:27.963Z",
        "user": 1,
        "content_type": 2,
        "object_id": "8",
        "object_repr": "Under Armor",
        "action_flag": 2,
        "change_message": "[{\"changed\": {\"fields\": [\"image\"]}}]"
    }
}, {
    "model": "admin.logentry",
    "pk": 257,
    "fields": {
        "action_time": "2018-05-06T01:35:36.140Z",
        "user": 1,
        "content_type": 2,
        "object_id": "7",
        "object_repr": "Jules",
        "action_flag": 2,
        "change_message": "[{\"changed\": {\"fields\": [\"image\"]}}]"
    }
}, {
    "model": "admin.logentry",
    "pk": 258,
    "fields": {
        "action_time": "2018-05-06T01:35:47.997Z",
        "user": 1,
        "content_type": 2,
        "object_id": "6",
        "object_repr": "LC WAIKIKI",
        "action_flag": 2,
        "change_message": "[{\"changed\": {\"fields\": [\"image\"]}}]"
    }
}, {
    "model": "admin.logentry",
    "pk": 259,
    "fields": {
        "action_time": "2018-05-06T01:35:56.737Z",
        "user": 1,
        "content_type": 2,
        "object_id": "5",
        "object_repr": "Hyundai",
        "action_flag": 2,
        "change_message": "[{\"changed\": {\"fields\": [\"image\"]}}]"
    }
}, {
    "model": "admin.logentry",
    "pk": 260,
    "fields": {
        "action_time": "2018-05-06T01:36:04.364Z",
        "user": 1,
        "content_type": 2,
        "object_id": "4",
        "object_repr": "BMW",
        "action_flag": 2,
        "change_message": "[{\"changed\": {\"fields\": [\"image\"]}}]"
    }
}, {
    "model": "admin.logentry",
    "pk": 261,
    "fields": {
        "action_time": "2018-05-06T01:36:11.056Z",
        "user": 1,
        "content_type": 2,
        "object_id": "3",
        "object_repr": "DELL",
        "action_flag": 2,
        "change_message": "[{\"changed\": {\"fields\": [\"image\"]}}]"
    }
}, {
    "model": "admin.logentry",
    "pk": 262,
    "fields": {
        "action_time": "2018-05-06T01:36:17.340Z",
        "user": 1,
        "content_type": 2,
        "object_id": "2",
        "object_repr": "Samsung",
        "action_flag": 2,
        "change_message": "[{\"changed\": {\"fields\": [\"image\"]}}]"
    }
}, {
    "model": "admin.logentry",
    "pk": 263,
    "fields": {
        "action_time": "2018-05-06T01:36:23.238Z",
        "user": 1,
        "content_type": 2,
        "object_id": "1",
        "object_repr": "Apple",
        "action_flag": 2,
        "change_message": "[{\"changed\": {\"fields\": [\"image\"]}}]"
    }
}, {
    "model": "admin.logentry",
    "pk": 264,
    "fields": {
        "action_time": "2018-05-06T18:51:04.060Z",
        "user": 1,
        "content_type": 2,
        "object_id": "1",
        "object_repr": "Apple",
        "action_flag": 2,
        "change_message": "[{\"changed\": {\"fields\": [\"image\"]}}]"
    }
}, {
    "model": "admin.logentry",
    "pk": 265,
    "fields": {
        "action_time": "2018-05-06T22:13:13.660Z",
        "user": 1,
        "content_type": 17,
        "object_id": "16",
        "object_repr": "5 de Tente 2P None",
        "action_flag": 2,
        "change_message": "[{\"changed\": {\"fields\": [\"quantity\", \"first_quantity\"]}}]"
    }
}, {
    "model": "admin.logentry",
    "pk": 266,
    "fields": {
        "action_time": "2018-05-06T22:14:17.761Z",
        "user": 1,
        "content_type": 3,
        "object_id": "1",
        "object_repr": "Cart object (1)",
        "action_flag": 1,
        "change_message": "[{\"added\": {}}]"
    }
}, {
    "model": "admin.logentry",
    "pk": 267,
    "fields": {
        "action_time": "2018-05-06T23:08:51.006Z",
        "user": 1,
        "content_type": 3,
        "object_id": "2",
        "object_repr": "4 Aluminium A0 de admin",
        "action_flag": 1,
        "change_message": "[{\"added\": {}}]"
    }
}, {
    "model": "admin.logentry",
    "pk": 268,
    "fields": {
        "action_time": "2018-05-06T23:09:08.997Z",
        "user": 1,
        "content_type": 3,
        "object_id": "3",
        "object_repr": "1 Cobra de admin",
        "action_flag": 1,
        "change_message": "[{\"added\": {}}]"
    }
}, {
    "model": "admin.logentry",
    "pk": 269,
    "fields": {
        "action_time": "2018-05-07T00:30:22.875Z",
        "user": 1,
        "content_type": 13,
        "object_id": "1",
        "object_repr": "admin",
        "action_flag": 2,
        "change_message": "[{\"changed\": {\"fields\": [\"tel\"]}}]"
    }
}, {
    "model": "admin.logentry",
    "pk": 270,
    "fields": {
        "action_time": "2018-05-07T00:30:40.081Z",
        "user": 1,
        "content_type": 13,
        "object_id": "1",
        "object_repr": "admin",
        "action_flag": 2,
        "change_message": "[]"
    }
}, {
    "model": "admin.logentry",
    "pk": 271,
    "fields": {
        "action_time": "2018-05-07T00:30:40.241Z",
        "user": 1,
        "content_type": 13,
        "object_id": "1",
        "object_repr": "admin",
        "action_flag": 2,
        "change_message": "[]"
    }
}, {
    "model": "admin.logentry",
    "pk": 272,
    "fields": {
        "action_time": "2018-05-07T00:30:40.391Z",
        "user": 1,
        "content_type": 13,
        "object_id": "1",
        "object_repr": "admin",
        "action_flag": 2,
        "change_message": "[]"
    }
}, {
    "model": "admin.logentry",
    "pk": 273,
    "fields": {
        "action_time": "2018-05-07T00:30:40.589Z",
        "user": 1,
        "content_type": 13,
        "object_id": "1",
        "object_repr": "admin",
        "action_flag": 2,
        "change_message": "[]"
    }
}, {
    "model": "admin.logentry",
    "pk": 274,
    "fields": {
        "action_time": "2018-05-07T00:30:40.695Z",
        "user": 1,
        "content_type": 13,
        "object_id": "1",
        "object_repr": "admin",
        "action_flag": 2,
        "change_message": "[]"
    }
}, {
    "model": "admin.logentry",
    "pk": 275,
    "fields": {
        "action_time": "2018-05-07T00:30:40.884Z",
        "user": 1,
        "content_type": 13,
        "object_id": "1",
        "object_repr": "admin",
        "action_flag": 2,
        "change_message": "[]"
    }
}, {
    "model": "admin.logentry",
    "pk": 276,
    "fields": {
        "action_time": "2018-05-07T00:30:41.056Z",
        "user": 1,
        "content_type": 13,
        "object_id": "1",
        "object_repr": "admin",
        "action_flag": 2,
        "change_message": "[]"
    }
}, {
    "model": "admin.logentry",
    "pk": 277,
    "fields": {
        "action_time": "2018-05-07T01:07:11.676Z",
        "user": 1,
        "content_type": 17,
        "object_id": "10",
        "object_repr": "9 de Cobra Blue",
        "action_flag": 2,
        "change_message": "[{\"changed\": {\"fields\": [\"priceSup\"]}}]"
    }
}, {
    "model": "admin.logentry",
    "pk": 278,
    "fields": {
        "action_time": "2018-05-07T01:13:18.469Z",
        "user": 1,
        "content_type": 17,
        "object_id": "26",
        "object_repr": "10 de Cobra Red",
        "action_flag": 1,
        "change_message": "[{\"added\": {}}]"
    }
}, {
    "model": "admin.logentry",
    "pk": 279,
    "fields": {
        "action_time": "2018-05-07T16:19:09.427Z",
        "user": 1,
        "content_type": 1,
        "object_id": "2",
        "object_repr": "Address object (2)",
        "action_flag": 2,
        "change_message": "[{\"changed\": {\"fields\": [\"address\", \"user\"]}}]"
    }
}, {
    "model": "admin.logentry",
    "pk": 280,
    "fields": {
        "action_time": "2018-05-07T16:24:27.929Z",
        "user": 1,
        "content_type": 1,
        "object_id": "3",
        "object_repr": "Address object (3)",
        "action_flag": 1,
        "change_message": "[{\"added\": {}}]"
    }
}, {
    "model": "admin.logentry",
    "pk": 281,
    "fields": {
        "action_time": "2018-05-08T15:41:52.393Z",
        "user": 1,
        "content_type": 8,
        "object_id": "8",
        "object_repr": "vote 8,  4 : Galaxy S9",
        "action_flag": 1,
        "change_message": "[{\"added\": {}}]"
    }
}, {
    "model": "admin.logentry",
    "pk": 282,
    "fields": {
        "action_time": "2018-05-08T15:42:00.689Z",
        "user": 1,
        "content_type": 8,
        "object_id": "9",
        "object_repr": "vote 9,  1 : Galaxy S9",
        "action_flag": 1,
        "change_message": "[{\"added\": {}}]"
    }
}, {
    "model": "admin.logentry",
    "pk": 283,
    "fields": {
        "action_time": "2018-05-08T15:42:25.680Z",
        "user": 1,
        "content_type": 8,
        "object_id": "10",
        "object_repr": "vote 10,  1 : Galaxy S9",
        "action_flag": 1,
        "change_message": "[{\"added\": {}}]"
    }
}, {
    "model": "admin.logentry",
    "pk": 284,
    "fields": {
        "action_time": "2018-05-08T15:42:57.899Z",
        "user": 1,
        "content_type": 8,
        "object_id": "11",
        "object_repr": "vote 11,  5 : Galaxy S9",
        "action_flag": 1,
        "change_message": "[{\"added\": {}}]"
    }
}, {
    "model": "admin.logentry",
    "pk": 285,
    "fields": {
        "action_time": "2018-05-11T03:01:53.112Z",
        "user": 1,
        "content_type": 23,
        "object_id": "1",
        "object_repr": "admin",
        "action_flag": 2,
        "change_message": "[{\"changed\": {\"fields\": [\"email\"]}}]"
    }
}, {
    "model": "admin.logentry",
    "pk": 286,
    "fields": {
        "action_time": "2018-05-11T03:01:54.597Z",
        "user": 1,
        "content_type": 23,
        "object_id": "1",
        "object_repr": "admin",
        "action_flag": 2,
        "change_message": "[]"
    }
}, {
    "model": "admin.logentry",
    "pk": 287,
    "fields": {
        "action_time": "2018-05-11T03:22:54.311Z",
        "user": 1,
        "content_type": 23,
        "object_id": "3",
        "object_repr": "erramiimade",
        "action_flag": 2,
        "change_message": "[{\"changed\": {\"fields\": [\"first_name\", \"email\"]}}]"
    }
}, {
    "model": "admin.logentry",
    "pk": 288,
    "fields": {
        "action_time": "2018-05-11T03:52:03.726Z",
        "user": 1,
        "content_type": 26,
        "object_id": "4",
        "object_repr": "admin LOT KHIAM 3 N\u00b0296",
        "action_flag": 1,
        "change_message": "[{\"added\": {}}]"
    }
}, {
    "model": "admin.logentry",
    "pk": 289,
    "fields": {
        "action_time": "2018-05-11T03:54:10.504Z",
        "user": 1,
        "content_type": 27,
        "object_id": "5",
        "object_repr": "admin Ecole Sup\u00e9rieur de Technologie N\u00b0 2 APT\u00b0 15",
        "action_flag": 1,
        "change_message": "[{\"added\": {}}]"
    }
}, {
    "model": "admin.logentry",
    "pk": 290,
    "fields": {
        "action_time": "2018-05-11T15:45:16.178Z",
        "user": 1,
        "content_type": 14,
        "object_id": "1",
        "object_repr": "10% for iPhone X",
        "action_flag": 2,
        "change_message": "[{\"changed\": {\"fields\": [\"date_end\"]}}]"
    }
}, {
    "model": "admin.logentry",
    "pk": 291,
    "fields": {
        "action_time": "2018-05-11T16:35:06.786Z",
        "user": 1,
        "content_type": 19,
        "object_id": "1",
        "object_repr": "admin iPhone X",
        "action_flag": 1,
        "change_message": "[{\"added\": {}}]"
    }
}, {
    "model": "admin.logentry",
    "pk": 292,
    "fields": {
        "action_time": "2018-05-11T16:35:15.129Z",
        "user": 1,
        "content_type": 19,
        "object_id": "2",
        "object_repr": "admin Dell Inspiron N4010",
        "action_flag": 1,
        "change_message": "[{\"added\": {}}]"
    }
}, {
    "model": "admin.logentry",
    "pk": 293,
    "fields": {
        "action_time": "2018-05-11T16:35:32.096Z",
        "user": 1,
        "content_type": 19,
        "object_id": "3",
        "object_repr": "admin Under Armor x4",
        "action_flag": 1,
        "change_message": "[{\"added\": {}}]"
    }
}, {
    "model": "admin.logentry",
    "pk": 294,
    "fields": {
        "action_time": "2018-05-12T02:32:30.174Z",
        "user": 1,
        "content_type": 30,
        "object_id": "1",
        "object_repr": "iPhone X : <p>\r\n                                            The 30-inch Apple Cinema HD Display delivers an amazing 2560 x 1600 pixel resolution. Designed specifically for the creative professional, t",
        "action_flag": 1,
        "change_message": "[{\"added\": {}}]"
    }
}, {
    "model": "admin.logentry",
    "pk": 295,
    "fields": {
        "action_time": "2018-05-12T05:02:19.334Z",
        "user": 1,
        "content_type": 12,
        "object_id": "1",
        "object_repr": "iPhone X",
        "action_flag": 2,
        "change_message": "[{\"changed\": {\"fields\": [\"image\"]}}]"
    }
}, {
    "model": "admin.logentry",
    "pk": 296,
    "fields": {
        "action_time": "2018-05-12T05:02:21.530Z",
        "user": 1,
        "content_type": 12,
        "object_id": "1",
        "object_repr": "iPhone X",
        "action_flag": 2,
        "change_message": "[{\"changed\": {\"fields\": [\"image\"]}}]"
    }
}, {
    "model": "admin.logentry",
    "pk": 297,
    "fields": {
        "action_time": "2018-05-12T05:05:55.581Z",
        "user": 1,
        "content_type": 6,
        "object_id": "2",
        "object_repr": "image 2 iPhone X",
        "action_flag": 2,
        "change_message": "[{\"changed\": {\"fields\": [\"image\"]}}]"
    }
}, {
    "model": "admin.logentry",
    "pk": 298,
    "fields": {
        "action_time": "2018-05-12T05:07:23.955Z",
        "user": 1,
        "content_type": 6,
        "object_id": "2",
        "object_repr": "image 2 iPhone X",
        "action_flag": 2,
        "change_message": "[{\"changed\": {\"fields\": [\"image\"]}}]"
    }
}, {
    "model": "admin.logentry",
    "pk": 299,
    "fields": {
        "action_time": "2018-05-12T18:39:51.292Z",
        "user": 1,
        "content_type": 6,
        "object_id": "3",
        "object_repr": "image 3 Galaxy S9",
        "action_flag": 2,
        "change_message": "[{\"changed\": {\"fields\": [\"image\"]}}]"
    }
}, {
    "model": "admin.logentry",
    "pk": 300,
    "fields": {
        "action_time": "2018-05-12T18:48:32.587Z",
        "user": 1,
        "content_type": 6,
        "object_id": "33",
        "object_repr": "image 33 Galaxy S9",
        "action_flag": 1,
        "change_message": "[{\"added\": {}}]"
    }
}, {
    "model": "admin.logentry",
    "pk": 301,
    "fields": {
        "action_time": "2018-05-12T18:55:10.131Z",
        "user": 1,
        "content_type": 6,
        "object_id": "5",
        "object_repr": "image 5 Galaxy Tab 3",
        "action_flag": 2,
        "change_message": "[{\"changed\": {\"fields\": [\"image\"]}}]"
    }
}, {
    "model": "admin.logentry",
    "pk": 302,
    "fields": {
        "action_time": "2018-05-12T18:57:49.996Z",
        "user": 1,
        "content_type": 12,
        "object_id": "4",
        "object_repr": "MacBook Pro",
        "action_flag": 2,
        "change_message": "[{\"changed\": {\"fields\": [\"image\"]}}]"
    }
}, {
    "model": "admin.logentry",
    "pk": 303,
    "fields": {
        "action_time": "2018-05-12T19:00:03.763Z",
        "user": 1,
        "content_type": 12,
        "object_id": "4",
        "object_repr": "MacBook Pro",
        "action_flag": 2,
        "change_message": "[{\"changed\": {\"fields\": [\"image\"]}}]"
    }
}, {
    "model": "admin.logentry",
    "pk": 304,
    "fields": {
        "action_time": "2018-05-12T19:00:13.255Z",
        "user": 1,
        "content_type": 6,
        "object_id": "6",
        "object_repr": "image 6 MacBook Pro",
        "action_flag": 2,
        "change_message": "[{\"changed\": {\"fields\": [\"image\"]}}]"
    }
}, {
    "model": "admin.logentry",
    "pk": 305,
    "fields": {
        "action_time": "2018-05-12T19:01:18.586Z",
        "user": 1,
        "content_type": 6,
        "object_id": "7",
        "object_repr": "image 7 MacBook Pro",
        "action_flag": 2,
        "change_message": "[{\"changed\": {\"fields\": [\"image\"]}}]"
    }
}, {
    "model": "admin.logentry",
    "pk": 306,
    "fields": {
        "action_time": "2018-05-12T19:01:39.753Z",
        "user": 1,
        "content_type": 6,
        "object_id": "7",
        "object_repr": "image 7 MacBook Pro",
        "action_flag": 2,
        "change_message": "[{\"changed\": {\"fields\": [\"image\"]}}]"
    }
}, {
    "model": "admin.logentry",
    "pk": 307,
    "fields": {
        "action_time": "2018-05-12T19:05:16.682Z",
        "user": 1,
        "content_type": 12,
        "object_id": "5",
        "object_repr": "Dell Inspiron N4010",
        "action_flag": 2,
        "change_message": "[{\"changed\": {\"fields\": [\"image\"]}}]"
    }
}, {
    "model": "admin.logentry",
    "pk": 308,
    "fields": {
        "action_time": "2018-05-12T19:05:24.698Z",
        "user": 1,
        "content_type": 6,
        "object_id": "8",
        "object_repr": "image 8 Dell Inspiron N4010",
        "action_flag": 2,
        "change_message": "[{\"changed\": {\"fields\": [\"image\"]}}]"
    }
}, {
    "model": "admin.logentry",
    "pk": 309,
    "fields": {
        "action_time": "2018-05-12T19:05:31.459Z",
        "user": 1,
        "content_type": 6,
        "object_id": "9",
        "object_repr": "image 9 Dell Inspiron N4010",
        "action_flag": 2,
        "change_message": "[{\"changed\": {\"fields\": [\"image\"]}}]"
    }
}, {
    "model": "admin.logentry",
    "pk": 310,
    "fields": {
        "action_time": "2018-05-12T19:05:38.155Z",
        "user": 1,
        "content_type": 6,
        "object_id": "10",
        "object_repr": "image 10 Dell Inspiron N4010",
        "action_flag": 2,
        "change_message": "[{\"changed\": {\"fields\": [\"image\"]}}]"
    }
}, {
    "model": "admin.logentry",
    "pk": 311,
    "fields": {
        "action_time": "2018-05-12T19:12:19.864Z",
        "user": 1,
        "content_type": 12,
        "object_id": "6",
        "object_repr": "BMW X4",
        "action_flag": 2,
        "change_message": "[{\"changed\": {\"fields\": [\"image\"]}}]"
    }
}, {
    "model": "admin.logentry",
    "pk": 312,
    "fields": {
        "action_time": "2018-05-12T19:12:36.761Z",
        "user": 1,
        "content_type": 6,
        "object_id": "11",
        "object_repr": "image 11 BMW X4",
        "action_flag": 2,
        "change_message": "[{\"changed\": {\"fields\": [\"image\"]}}]"
    }
}, {
    "model": "admin.logentry",
    "pk": 313,
    "fields": {
        "action_time": "2018-05-12T19:12:46.489Z",
        "user": 1,
        "content_type": 6,
        "object_id": "12",
        "object_repr": "image 12 BMW X4",
        "action_flag": 2,
        "change_message": "[{\"changed\": {\"fields\": [\"image\"]}}]"
    }
}, {
    "model": "admin.logentry",
    "pk": 314,
    "fields": {
        "action_time": "2018-05-12T19:13:07.579Z",
        "user": 1,
        "content_type": 6,
        "object_id": "32",
        "object_repr": "image 32 BMW X4",
        "action_flag": 2,
        "change_message": "[{\"changed\": {\"fields\": [\"image\"]}}]"
    }
}, {
    "model": "admin.logentry",
    "pk": 315,
    "fields": {
        "action_time": "2018-05-12T19:13:52.619Z",
        "user": 1,
        "content_type": 6,
        "object_id": "11",
        "object_repr": "image 11 BMW X4",
        "action_flag": 2,
        "change_message": "[{\"changed\": {\"fields\": [\"image\"]}}]"
    }
}, {
    "model": "admin.logentry",
    "pk": 316,
    "fields": {
        "action_time": "2018-05-12T19:24:50.372Z",
        "user": 1,
        "content_type": 12,
        "object_id": "7",
        "object_repr": "Santa fe",
        "action_flag": 2,
        "change_message": "[{\"changed\": {\"fields\": [\"image\"]}}]"
    }
}, {
    "model": "admin.logentry",
    "pk": 317,
    "fields": {
        "action_time": "2018-05-12T19:25:00.305Z",
        "user": 1,
        "content_type": 6,
        "object_id": "13",
        "object_repr": "image 13 Santa fe",
        "action_flag": 2,
        "change_message": "[{\"changed\": {\"fields\": [\"image\"]}}]"
    }
}, {
    "model": "admin.logentry",
    "pk": 318,
    "fields": {
        "action_time": "2018-05-12T19:25:11.480Z",
        "user": 1,
        "content_type": 6,
        "object_id": "14",
        "object_repr": "image 14 Santa fe",
        "action_flag": 2,
        "change_message": "[{\"changed\": {\"fields\": [\"image\"]}}]"
    }
}, {
    "model": "admin.logentry",
    "pk": 319,
    "fields": {
        "action_time": "2018-05-12T19:25:18.107Z",
        "user": 1,
        "content_type": 6,
        "object_id": "34",
        "object_repr": "image 34 Santa fe",
        "action_flag": 1,
        "change_message": "[{\"added\": {}}]"
    }
}, {
    "model": "admin.logentry",
    "pk": 320,
    "fields": {
        "action_time": "2018-05-12T19:33:38.191Z",
        "user": 1,
        "content_type": 12,
        "object_id": "9",
        "object_repr": "Sans col",
        "action_flag": 2,
        "change_message": "[{\"changed\": {\"fields\": [\"image\"]}}]"
    }
}, {
    "model": "admin.logentry",
    "pk": 321,
    "fields": {
        "action_time": "2018-05-12T19:33:55.590Z",
        "user": 1,
        "content_type": 6,
        "object_id": "16",
        "object_repr": "image 16 Sans col",
        "action_flag": 2,
        "change_message": "[{\"changed\": {\"fields\": [\"image\"]}}]"
    }
}, {
    "model": "admin.logentry",
    "pk": 322,
    "fields": {
        "action_time": "2018-05-12T19:34:03.529Z",
        "user": 1,
        "content_type": 6,
        "object_id": "35",
        "object_repr": "image 35 Sans col",
        "action_flag": 1,
        "change_message": "[{\"added\": {}}]"
    }
}, {
    "model": "admin.logentry",
    "pk": 323,
    "fields": {
        "action_time": "2018-05-12T19:34:13.193Z",
        "user": 1,
        "content_type": 6,
        "object_id": "36",
        "object_repr": "image 36 Sans col",
        "action_flag": 1,
        "change_message": "[{\"added\": {}}]"
    }
}, {
    "model": "admin.logentry",
    "pk": 324,
    "fields": {
        "action_time": "2018-05-12T19:34:21.498Z",
        "user": 1,
        "content_type": 6,
        "object_id": "37",
        "object_repr": "image 37 Sans col",
        "action_flag": 1,
        "change_message": "[{\"added\": {}}]"
    }
}, {
    "model": "admin.logentry",
    "pk": 325,
    "fields": {
        "action_time": "2018-05-12T19:34:29.772Z",
        "user": 1,
        "content_type": 6,
        "object_id": "38",
        "object_repr": "image 38 Sans col",
        "action_flag": 1,
        "change_message": "[{\"added\": {}}]"
    }
}, {
    "model": "admin.logentry",
    "pk": 326,
    "fields": {
        "action_time": "2018-05-12T19:34:30.061Z",
        "user": 1,
        "content_type": 6,
        "object_id": "39",
        "object_repr": "image 39 Sans col",
        "action_flag": 1,
        "change_message": "[{\"added\": {}}]"
    }
}, {
    "model": "admin.logentry",
    "pk": 327,
    "fields": {
        "action_time": "2018-05-12T19:34:38.350Z",
        "user": 1,
        "content_type": 6,
        "object_id": "40",
        "object_repr": "image 40 Sans col",
        "action_flag": 1,
        "change_message": "[{\"added\": {}}]"
    }
}, {
    "model": "admin.logentry",
    "pk": 328,
    "fields": {
        "action_time": "2018-05-12T19:35:30.599Z",
        "user": 1,
        "content_type": 6,
        "object_id": "39",
        "object_repr": "image 39 Sans col",
        "action_flag": 3,
        "change_message": ""
    }
}, {
    "model": "admin.logentry",
    "pk": 329,
    "fields": {
        "action_time": "2018-05-12T19:35:30.749Z",
        "user": 1,
        "content_type": 6,
        "object_id": "37",
        "object_repr": "image 37 Sans col",
        "action_flag": 3,
        "change_message": ""
    }
}, {
    "model": "admin.logentry",
    "pk": 330,
    "fields": {
        "action_time": "2018-05-12T20:30:39.554Z",
        "user": 1,
        "content_type": 8,
        "object_id": "11",
        "object_repr": "vote 11,  5.00 : Galaxy S9",
        "action_flag": 2,
        "change_message": "[{\"changed\": {\"fields\": [\"comment\"]}}]"
    }
}, {
    "model": "admin.logentry",
    "pk": 331,
    "fields": {
        "action_time": "2018-05-12T20:30:55.407Z",
        "user": 1,
        "content_type": 8,
        "object_id": "10",
        "object_repr": "vote 10,  1.00 : Galaxy S9",
        "action_flag": 2,
        "change_message": "[{\"changed\": {\"fields\": [\"comment\"]}}]"
    }
}, {
    "model": "admin.logentry",
    "pk": 332,
    "fields": {
        "action_time": "2018-05-12T20:31:29.483Z",
        "user": 1,
        "content_type": 8,
        "object_id": "9",
        "object_repr": "vote 9,  1.00 : Galaxy S9",
        "action_flag": 2,
        "change_message": "[{\"changed\": {\"fields\": [\"comment\", \"name\"]}}]"
    }
}, {
    "model": "admin.logentry",
    "pk": 333,
    "fields": {
        "action_time": "2018-05-12T20:31:42.827Z",
        "user": 1,
        "content_type": 8,
        "object_id": "10",
        "object_repr": "vote 10,  1.00 : Galaxy S9",
        "action_flag": 2,
        "change_message": "[{\"changed\": {\"fields\": [\"name\"]}}]"
    }
}, {
    "model": "admin.logentry",
    "pk": 334,
    "fields": {
        "action_time": "2018-05-12T20:31:53.153Z",
        "user": 1,
        "content_type": 8,
        "object_id": "11",
        "object_repr": "vote 11,  5.00 : Galaxy S9",
        "action_flag": 2,
        "change_message": "[{\"changed\": {\"fields\": [\"name\"]}}]"
    }
}, {
    "model": "admin.logentry",
    "pk": 335,
    "fields": {
        "action_time": "2018-05-12T20:32:12.130Z",
        "user": 1,
        "content_type": 8,
        "object_id": "8",
        "object_repr": "vote 8,  4.00 : Galaxy S9",
        "action_flag": 2,
        "change_message": "[{\"changed\": {\"fields\": [\"comment\"]}}]"
    }
}, {
    "model": "admin.logentry",
    "pk": 336,
    "fields": {
        "action_time": "2018-05-12T21:02:40.812Z",
        "user": 1,
        "content_type": 16,
        "object_id": "1",
        "object_repr": "Syst\u00e8me Galaxy S9",
        "action_flag": 1,
        "change_message": "[{\"added\": {}}]"
    }
}, {
    "model": "admin.logentry",
    "pk": 337,
    "fields": {
        "action_time": "2018-05-12T21:04:17.648Z",
        "user": 1,
        "content_type": 16,
        "object_id": "3",
        "object_repr": "Processeur Galaxy S9",
        "action_flag": 1,
        "change_message": "[{\"added\": {}}]"
    }
}, {
    "model": "admin.logentry",
    "pk": 338,
    "fields": {
        "action_time": "2018-05-12T21:04:28.789Z",
        "user": 1,
        "content_type": 16,
        "object_id": "4",
        "object_repr": "Nombre de coeurs Galaxy S9",
        "action_flag": 1,
        "change_message": "[{\"added\": {}}]"
    }
}, {
    "model": "admin.logentry",
    "pk": 339,
    "fields": {
        "action_time": "2018-05-12T21:04:50.135Z",
        "user": 1,
        "content_type": 16,
        "object_id": "5",
        "object_repr": "Fr\u00e9quence processeur Galaxy S9",
        "action_flag": 1,
        "change_message": "[{\"added\": {}}]"
    }
}, {
    "model": "admin.logentry",
    "pk": 340,
    "fields": {
        "action_time": "2018-05-12T21:05:57.547Z",
        "user": 1,
        "content_type": 16,
        "object_id": "6",
        "object_repr": "Puce graphique Galaxy S9",
        "action_flag": 1,
        "change_message": "[{\"added\": {}}]"
    }
}, {
    "model": "admin.logentry",
    "pk": 341,
    "fields": {
        "action_time": "2018-05-12T21:06:06.996Z",
        "user": 1,
        "content_type": 16,
        "object_id": "7",
        "object_repr": "Support cartes m\u00e9moire Galaxy S9",
        "action_flag": 1,
        "change_message": "[{\"added\": {}}]"
    }
}, {
    "model": "admin.logentry",
    "pk": 342,
    "fields": {
        "action_time": "2018-05-12T21:06:27.433Z",
        "user": 1,
        "content_type": 16,
        "object_id": "8",
        "object_repr": "Type de cartes support\u00e9es Galaxy S9",
        "action_flag": 1,
        "change_message": "[{\"added\": {}}]"
    }
}, {
    "model": "admin.logentry",
    "pk": 343,
    "fields": {
        "action_time": "2018-05-12T21:06:42.091Z",
        "user": 1,
        "content_type": 16,
        "object_id": "9",
        "object_repr": "M\u00e9moire vive (RAM) Galaxy S9",
        "action_flag": 1,
        "change_message": "[{\"added\": {}}]"
    }
}, {
    "model": "admin.logentry",
    "pk": 344,
    "fields": {
        "action_time": "2018-05-12T21:06:53.007Z",
        "user": 1,
        "content_type": 16,
        "object_id": "10",
        "object_repr": "Capacit\u00e9 Galaxy S9",
        "action_flag": 1,
        "change_message": "[{\"added\": {}}]"
    }
}, {
    "model": "admin.logentry",
    "pk": 345,
    "fields": {
        "action_time": "2018-05-12T21:07:07.485Z",
        "user": 1,
        "content_type": 16,
        "object_id": "11",
        "object_repr": "M\u00e9moire flash Libre Galaxy S9",
        "action_flag": 1,
        "change_message": "[{\"added\": {}}]"
    }
}, {
    "model": "admin.logentry",
    "pk": 346,
    "fields": {
        "action_time": "2018-05-12T21:07:23.347Z",
        "user": 1,
        "content_type": 16,
        "object_id": "12",
        "object_repr": "Indice DAS Galaxy S9",
        "action_flag": 1,
        "change_message": "[{\"added\": {}}]"
    }
}, {
    "model": "admin.logentry",
    "pk": 347,
    "fields": {
        "action_time": "2018-05-12T21:07:35.324Z",
        "user": 1,
        "content_type": 16,
        "object_id": "13",
        "object_repr": "Indice de protection (\u00e9tanch\u00e9it\u00e9) Galaxy S9",
        "action_flag": 1,
        "change_message": "[{\"added\": {}}]"
    }
}, {
    "model": "admin.logentry",
    "pk": 348,
    "fields": {
        "action_time": "2018-05-12T21:07:45.923Z",
        "user": 1,
        "content_type": 16,
        "object_id": "14",
        "object_repr": "Double SIM Galaxy S9",
        "action_flag": 1,
        "change_message": "[{\"added\": {}}]"
    }
}, {
    "model": "admin.logentry",
    "pk": 349,
    "fields": {
        "action_time": "2018-05-12T21:08:09.165Z",
        "user": 1,
        "content_type": 16,
        "object_id": "15",
        "object_repr": "Support du Wi-Fi Galaxy S9",
        "action_flag": 1,
        "change_message": "[{\"added\": {}}]"
    }
}, {
    "model": "admin.logentry",
    "pk": 350,
    "fields": {
        "action_time": "2018-05-12T21:08:24.003Z",
        "user": 1,
        "content_type": 16,
        "object_id": "16",
        "object_repr": "Norme Wi-Fi Galaxy S9",
        "action_flag": 1,
        "change_message": "[{\"added\": {}}]"
    }
}, {
    "model": "admin.logentry",
    "pk": 351,
    "fields": {
        "action_time": "2018-05-12T21:08:39.968Z",
        "user": 1,
        "content_type": 16,
        "object_id": "17",
        "object_repr": "Support Bluetooth Galaxy S9",
        "action_flag": 1,
        "change_message": "[{\"added\": {}}]"
    }
}, {
    "model": "admin.logentry",
    "pk": 352,
    "fields": {
        "action_time": "2018-05-12T21:09:02.810Z",
        "user": 1,
        "content_type": 16,
        "object_id": "18",
        "object_repr": "Version Bluetooth Galaxy S9",
        "action_flag": 1,
        "change_message": "[{\"added\": {}}]"
    }
}, {
    "model": "admin.logentry",
    "pk": 353,
    "fields": {
        "action_time": "2018-05-12T21:09:13.526Z",
        "user": 1,
        "content_type": 16,
        "object_id": "19",
        "object_repr": "Support du NFC Galaxy S9",
        "action_flag": 1,
        "change_message": "[{\"added\": {}}]"
    }
}, {
    "model": "admin.logentry",
    "pk": 354,
    "fields": {
        "action_time": "2018-05-12T21:09:23.099Z",
        "user": 1,
        "content_type": 16,
        "object_id": "20",
        "object_repr": "Support de l'infra-rouge (IrDA) Galaxy S9",
        "action_flag": 1,
        "change_message": "[{\"added\": {}}]"
    }
}, {
    "model": "admin.logentry",
    "pk": 355,
    "fields": {
        "action_time": "2018-05-12T21:09:39.056Z",
        "user": 1,
        "content_type": 16,
        "object_id": "21",
        "object_repr": "Capteur photo principal Galaxy S9",
        "action_flag": 1,
        "change_message": "[{\"added\": {}}]"
    }
}, {
    "model": "admin.logentry",
    "pk": 356,
    "fields": {
        "action_time": "2018-05-12T21:15:56.854Z",
        "user": 1,
        "content_type": 8,
        "object_id": "12",
        "object_repr": "vote 12,  3 : Galaxy S9",
        "action_flag": 1,
        "change_message": "[{\"added\": {}}]"
    }
}, {
    "model": "admin.logentry",
    "pk": 357,
    "fields": {
        "action_time": "2018-05-12T21:16:44.593Z",
        "user": 1,
        "content_type": 8,
        "object_id": "13",
        "object_repr": "vote 13,  4 : Galaxy S9",
        "action_flag": 1,
        "change_message": "[{\"added\": {}}]"
    }
}, {
    "model": "admin.logentry",
    "pk": 358,
    "fields": {
        "action_time": "2018-05-12T21:16:56.561Z",
        "user": 1,
        "content_type": 8,
        "object_id": "13",
        "object_repr": "vote 13,  2 : Galaxy S9",
        "action_flag": 2,
        "change_message": "[{\"changed\": {\"fields\": [\"value\"]}}]"
    }
}, {
    "model": "admin.logentry",
    "pk": 359,
    "fields": {
        "action_time": "2018-05-12T21:19:23.466Z",
        "user": 1,
        "content_type": 8,
        "object_id": "14",
        "object_repr": "vote 14,  1 : Galaxy S9",
        "action_flag": 1,
        "change_message": "[{\"added\": {}}]"
    }
}, {
    "model": "admin.logentry",
    "pk": 360,
    "fields": {
        "action_time": "2018-05-12T21:19:50.061Z",
        "user": 1,
        "content_type": 8,
        "object_id": "14",
        "object_repr": "vote 14,  5.00 : Galaxy S9",
        "action_flag": 2,
        "change_message": "[{\"changed\": {\"fields\": [\"value\"]}}]"
    }
}, {
    "model": "admin.logentry",
    "pk": 361,
    "fields": {
        "action_time": "2018-05-12T21:20:21.045Z",
        "user": 1,
        "content_type": 8,
        "object_id": "15",
        "object_repr": "vote 15,  4 : Galaxy S9",
        "action_flag": 1,
        "change_message": "[{\"added\": {}}]"
    }
}, {
    "model": "admin.logentry",
    "pk": 362,
    "fields": {
        "action_time": "2018-05-12T21:21:05.357Z",
        "user": 1,
        "content_type": 8,
        "object_id": "16",
        "object_repr": "vote 16,  3 : Galaxy S9",
        "action_flag": 1,
        "change_message": "[{\"added\": {}}]"
    }
}, {
    "model": "admin.logentry",
    "pk": 363,
    "fields": {
        "action_time": "2018-05-12T21:21:46.832Z",
        "user": 1,
        "content_type": 8,
        "object_id": "17",
        "object_repr": "vote 17,  5 : Galaxy S9",
        "action_flag": 1,
        "change_message": "[{\"added\": {}}]"
    }
}, {
    "model": "admin.logentry",
    "pk": 364,
    "fields": {
        "action_time": "2018-05-12T21:23:00.048Z",
        "user": 1,
        "content_type": 8,
        "object_id": "11",
        "object_repr": "vote 11,  5.00 : Galaxy S9",
        "action_flag": 2,
        "change_message": "[{\"changed\": {\"fields\": [\"comment\"]}}]"
    }
}, {
    "model": "admin.logentry",
    "pk": 365,
    "fields": {
        "action_time": "2018-05-12T21:23:59.077Z",
        "user": 1,
        "content_type": 8,
        "object_id": "18",
        "object_repr": "vote 18,  3 : Galaxy S9",
        "action_flag": 1,
        "change_message": "[{\"added\": {}}]"
    }
}, {
    "model": "admin.logentry",
    "pk": 366,
    "fields": {
        "action_time": "2018-05-12T22:40:40.886Z",
        "user": 1,
        "content_type": 12,
        "object_id": "22",
        "object_repr": "Aluminium A0",
        "action_flag": 2,
        "change_message": "[]"
    }
}, {
    "model": "admin.logentry",
    "pk": 367,
    "fields": {
        "action_time": "2018-05-12T22:41:09.470Z",
        "user": 1,
        "content_type": 12,
        "object_id": "21",
        "object_repr": "Bois B29",
        "action_flag": 2,
        "change_message": "[{\"changed\": {\"fields\": [\"accessories\"]}}]"
    }
}, {
    "model": "admin.logentry",
    "pk": 368,
    "fields": {
        "action_time": "2018-05-12T22:45:27.838Z",
        "user": 1,
        "content_type": 12,
        "object_id": "12",
        "object_repr": "Ballon Nike Fiba",
        "action_flag": 2,
        "change_message": "[{\"changed\": {\"fields\": [\"accessories\"]}}]"
    }
}, {
    "model": "admin.logentry",
    "pk": 369,
    "fields": {
        "action_time": "2018-05-12T22:45:36.167Z",
        "user": 1,
        "content_type": 12,
        "object_id": "11",
        "object_repr": "Ballon Molten",
        "action_flag": 2,
        "change_message": "[{\"changed\": {\"fields\": [\"accessories\"]}}]"
    }
}, {
    "model": "admin.logentry",
    "pk": 370,
    "fields": {
        "action_time": "2018-05-12T22:45:54.659Z",
        "user": 1,
        "content_type": 12,
        "object_id": "9",
        "object_repr": "Sans col",
        "action_flag": 2,
        "change_message": "[{\"changed\": {\"fields\": [\"accessories\"]}}]"
    }
}, {
    "model": "admin.logentry",
    "pk": 371,
    "fields": {
        "action_time": "2018-05-12T22:46:12.740Z",
        "user": 1,
        "content_type": 12,
        "object_id": "14",
        "object_repr": "CAT A200",
        "action_flag": 2,
        "change_message": "[{\"changed\": {\"fields\": [\"accessories\"]}}]"
    }
}, {
    "model": "admin.logentry",
    "pk": 372,
    "fields": {
        "action_time": "2018-05-12T22:56:06.995Z",
        "user": 1,
        "content_type": 9,
        "object_id": "16",
        "object_repr": "Ecouteurs",
        "action_flag": 1,
        "change_message": "[{\"added\": {}}]"
    }
}, {
    "model": "admin.logentry",
    "pk": 373,
    "fields": {
        "action_time": "2018-05-12T22:57:39.798Z",
        "user": 1,
        "content_type": 12,
        "object_id": "23",
        "object_repr": "Phoenix",
        "action_flag": 1,
        "change_message": "[{\"added\": {}}]"
    }
}, {
    "model": "admin.logentry",
    "pk": 374,
    "fields": {
        "action_time": "2018-05-12T22:57:54.292Z",
        "user": 1,
        "content_type": 12,
        "object_id": "2",
        "object_repr": "Galaxy S9",
        "action_flag": 2,
        "change_message": "[{\"changed\": {\"fields\": [\"accessories\"]}}]"
    }
}, {
    "model": "admin.logentry",
    "pk": 375,
    "fields": {
        "action_time": "2018-05-12T23:04:31.990Z",
        "user": 1,
        "content_type": 6,
        "object_id": "41",
        "object_repr": "image 41 Phoenix",
        "action_flag": 1,
        "change_message": "[{\"added\": {}}]"
    }
}, {
    "model": "admin.logentry",
    "pk": 376,
    "fields": {
        "action_time": "2018-05-12T23:06:34.220Z",
        "user": 1,
        "content_type": 9,
        "object_id": "17",
        "object_repr": "Shell Phones",
        "action_flag": 1,
        "change_message": "[{\"added\": {}}]"
    }
}, {
    "model": "admin.logentry",
    "pk": 377,
    "fields": {
        "action_time": "2018-05-12T23:07:09.750Z",
        "user": 1,
        "content_type": 18,
        "object_id": "24",
        "object_repr": "Accessories",
        "action_flag": 1,
        "change_message": "[{\"added\": {}}]"
    }
}, {
    "model": "admin.logentry",
    "pk": 378,
    "fields": {
        "action_time": "2018-05-12T23:07:35.153Z",
        "user": 1,
        "content_type": 12,
        "object_id": "24",
        "object_repr": "Etui LED",
        "action_flag": 1,
        "change_message": "[{\"added\": {}}]"
    }
}, {
    "model": "admin.logentry",
    "pk": 379,
    "fields": {
        "action_time": "2018-05-12T23:07:45.729Z",
        "user": 1,
        "content_type": 6,
        "object_id": "42",
        "object_repr": "image 42 Etui LED",
        "action_flag": 1,
        "change_message": "[{\"added\": {}}]"
    }
}, {
    "model": "admin.logentry",
    "pk": 380,
    "fields": {
        "action_time": "2018-05-12T23:10:34.163Z",
        "user": 1,
        "content_type": 14,
        "object_id": "18",
        "object_repr": "50% for Etui LED",
        "action_flag": 1,
        "change_message": "[{\"added\": {}}]"
    }
}, {
    "model": "admin.logentry",
    "pk": 381,
    "fields": {
        "action_time": "2018-05-12T23:17:37.492Z",
        "user": 1,
        "content_type": 9,
        "object_id": "18",
        "object_repr": "Chargeur",
        "action_flag": 1,
        "change_message": "[{\"added\": {}}]"
    }
}, {
    "model": "admin.logentry",
    "pk": 382,
    "fields": {
        "action_time": "2018-05-12T23:18:18.365Z",
        "user": 1,
        "content_type": 12,
        "object_id": "25",
        "object_repr": "Chargeur S9",
        "action_flag": 1,
        "change_message": "[{\"added\": {}}]"
    }
}, {
    "model": "admin.logentry",
    "pk": 383,
    "fields": {
        "action_time": "2018-05-12T23:18:20.901Z",
        "user": 1,
        "content_type": 6,
        "object_id": "43",
        "object_repr": "image 43 Chargeur S9",
        "action_flag": 1,
        "change_message": "[{\"added\": {}}]"
    }
}, {
    "model": "admin.logentry",
    "pk": 384,
    "fields": {
        "action_time": "2018-05-12T23:19:00.460Z",
        "user": 1,
        "content_type": 12,
        "object_id": "25",
        "object_repr": "Chargeur S9",
        "action_flag": 2,
        "change_message": "[{\"changed\": {\"fields\": [\"image\"]}}]"
    }
}, {
    "model": "admin.logentry",
    "pk": 385,
    "fields": {
        "action_time": "2018-05-12T23:19:52.579Z",
        "user": 1,
        "content_type": 12,
        "object_id": "25",
        "object_repr": "Chargeur S9",
        "action_flag": 2,
        "change_message": "[{\"changed\": {\"fields\": [\"image\"]}}]"
    }
}, {
    "model": "admin.logentry",
    "pk": 386,
    "fields": {
        "action_time": "2018-05-12T23:20:05.739Z",
        "user": 1,
        "content_type": 6,
        "object_id": "43",
        "object_repr": "image 43 Chargeur S9",
        "action_flag": 2,
        "change_message": "[{\"changed\": {\"fields\": [\"image\"]}}]"
    }
}, {
    "model": "admin.logentry",
    "pk": 387,
    "fields": {
        "action_time": "2018-05-12T23:20:57.869Z",
        "user": 1,
        "content_type": 9,
        "object_id": "19",
        "object_repr": "Accessoires",
        "action_flag": 1,
        "change_message": "[{\"added\": {}}]"
    }
}, {
    "model": "admin.logentry",
    "pk": 388,
    "fields": {
        "action_time": "2018-05-12T23:21:29.956Z",
        "user": 1,
        "content_type": 12,
        "object_id": "26",
        "object_repr": "Dex Pad",
        "action_flag": 1,
        "change_message": "[{\"added\": {}}]"
    }
}, {
    "model": "admin.logentry",
    "pk": 389,
    "fields": {
        "action_time": "2018-05-12T23:21:35.415Z",
        "user": 1,
        "content_type": 6,
        "object_id": "44",
        "object_repr": "image 44 Dex Pad",
        "action_flag": 1,
        "change_message": "[{\"added\": {}}]"
    }
}, {
    "model": "admin.logentry",
    "pk": 390,
    "fields": {
        "action_time": "2018-05-12T23:21:44.842Z",
        "user": 1,
        "content_type": 12,
        "object_id": "25",
        "object_repr": "Chargeur S9",
        "action_flag": 2,
        "change_message": "[{\"changed\": {\"fields\": [\"tags\"]}}]"
    }
}, {
    "model": "admin.logentry",
    "pk": 391,
    "fields": {
        "action_time": "2018-05-12T23:22:57.926Z",
        "user": 1,
        "content_type": 12,
        "object_id": "25",
        "object_repr": "Chargeur S9",
        "action_flag": 2,
        "change_message": "[{\"changed\": {\"fields\": [\"image\"]}}]"
    }
}, {
    "model": "admin.logentry",
    "pk": 392,
    "fields": {
        "action_time": "2018-05-12T23:24:48.246Z",
        "user": 1,
        "content_type": 12,
        "object_id": "27",
        "object_repr": "AKG",
        "action_flag": 1,
        "change_message": "[{\"added\": {}}]"
    }
}, {
    "model": "admin.logentry",
    "pk": 393,
    "fields": {
        "action_time": "2018-05-12T23:24:50.364Z",
        "user": 1,
        "content_type": 6,
        "object_id": "45",
        "object_repr": "image 45 AKG",
        "action_flag": 1,
        "change_message": "[{\"added\": {}}]"
    }
}, {
    "model": "admin.logentry",
    "pk": 394,
    "fields": {
        "action_time": "2018-05-12T23:25:28.122Z",
        "user": 1,
        "content_type": 9,
        "object_id": "20",
        "object_repr": "Batteries",
        "action_flag": 1,
        "change_message": "[{\"added\": {}}]"
    }
}, {
    "model": "admin.logentry",
    "pk": 395,
    "fields": {
        "action_time": "2018-05-12T23:25:43.799Z",
        "user": 1,
        "content_type": 12,
        "object_id": "28",
        "object_repr": "Batterie X",
        "action_flag": 1,
        "change_message": "[{\"added\": {}}]"
    }
}, {
    "model": "admin.logentry",
    "pk": 396,
    "fields": {
        "action_time": "2018-05-12T23:30:43.558Z",
        "user": 1,
        "content_type": 12,
        "object_id": "29",
        "object_repr": "Batterie S9",
        "action_flag": 1,
        "change_message": "[{\"added\": {}}]"
    }
}, {
    "model": "admin.logentry",
    "pk": 397,
    "fields": {
        "action_time": "2018-05-12T23:37:04.630Z",
        "user": 1,
        "content_type": 17,
        "object_id": "27",
        "object_repr": "14 de Galaxy S9 None",
        "action_flag": 1,
        "change_message": "[{\"added\": {}}]"
    }
}, {
    "model": "admin.logentry",
    "pk": 398,
    "fields": {
        "action_time": "2018-05-12T23:49:27.023Z",
        "user": 1,
        "content_type": 17,
        "object_id": "28",
        "object_repr": "2 de Etui LED Navy",
        "action_flag": 1,
        "change_message": "[{\"added\": {}}]"
    }
}, {
    "model": "admin.logentry",
    "pk": 399,
    "fields": {
        "action_time": "2018-05-12T23:49:54.181Z",
        "user": 1,
        "content_type": 4,
        "object_id": "5",
        "object_repr": "Gray",
        "action_flag": 2,
        "change_message": "[{\"changed\": {\"fields\": [\"name\"]}}]"
    }
}, {
    "model": "admin.logentry",
    "pk": 400,
    "fields": {
        "action_time": "2018-05-12T23:49:55.872Z",
        "user": 1,
        "content_type": 17,
        "object_id": "29",
        "object_repr": "4 de Etui LED Gray",
        "action_flag": 1,
        "change_message": "[{\"added\": {}}]"
    }
}, {
    "model": "admin.logentry",
    "pk": 401,
    "fields": {
        "action_time": "2018-05-12T23:55:17.044Z",
        "user": 1,
        "content_type": 17,
        "object_id": "30",
        "object_repr": "35 de Chargeur S9 None",
        "action_flag": 1,
        "change_message": "[{\"added\": {}}]"
    }
}, {
    "model": "admin.logentry",
    "pk": 402,
    "fields": {
        "action_time": "2018-05-13T00:18:43.702Z",
        "user": 1,
        "content_type": 17,
        "object_id": "31",
        "object_repr": "10 de Etui LED Red",
        "action_flag": 1,
        "change_message": "[{\"added\": {}}]"
    }
}, {
    "model": "admin.logentry",
    "pk": 403,
    "fields": {
        "action_time": "2018-05-13T00:18:54.516Z",
        "user": 1,
        "content_type": 17,
        "object_id": "28",
        "object_repr": "2 de Etui LED Navy",
        "action_flag": 2,
        "change_message": "[{\"changed\": {\"fields\": [\"priceSup\"]}}]"
    }
}, {
    "model": "admin.logentry",
    "pk": 404,
    "fields": {
        "action_time": "2018-05-13T02:58:32.570Z",
        "user": 1,
        "content_type": 23,
        "object_id": "1",
        "object_repr": "admin",
        "action_flag": 2,
        "change_message": "[{\"changed\": {\"fields\": [\"first_name\", \"last_name\", \"email\"]}}]"
    }
}, {
    "model": "admin.logentry",
    "pk": 405,
    "fields": {
        "action_time": "2018-05-13T21:15:53.508Z",
        "user": 1,
        "content_type": 6,
        "object_id": "3",
        "object_repr": "image 3 Galaxy S9",
        "action_flag": 2,
        "change_message": "[{\"changed\": {\"fields\": [\"image\"]}}]"
    }
}, {
    "model": "admin.logentry",
    "pk": 406,
    "fields": {
        "action_time": "2018-05-13T21:15:55.701Z",
        "user": 1,
        "content_type": 6,
        "object_id": "3",
        "object_repr": "image 3 Galaxy S9",
        "action_flag": 2,
        "change_message": "[{\"changed\": {\"fields\": [\"image\"]}}]"
    }
}, {
    "model": "admin.logentry",
    "pk": 407,
    "fields": {
        "action_time": "2018-05-13T21:15:57.788Z",
        "user": 1,
        "content_type": 6,
        "object_id": "3",
        "object_repr": "image 3 Galaxy S9",
        "action_flag": 2,
        "change_message": "[{\"changed\": {\"fields\": [\"image\"]}}]"
    }
}, {
    "model": "admin.logentry",
    "pk": 408,
    "fields": {
        "action_time": "2018-05-13T21:16:05.606Z",
        "user": 1,
        "content_type": 6,
        "object_id": "33",
        "object_repr": "image 33 Galaxy S9",
        "action_flag": 2,
        "change_message": "[{\"changed\": {\"fields\": [\"image\"]}}]"
    }
}, {
    "model": "admin.logentry",
    "pk": 409,
    "fields": {
        "action_time": "2018-05-13T21:16:07.636Z",
        "user": 1,
        "content_type": 6,
        "object_id": "33",
        "object_repr": "image 33 Galaxy S9",
        "action_flag": 2,
        "change_message": "[{\"changed\": {\"fields\": [\"image\"]}}]"
    }
}, {
    "model": "admin.logentry",
    "pk": 410,
    "fields": {
        "action_time": "2018-05-13T21:20:10.284Z",
        "user": 1,
        "content_type": 6,
        "object_id": "33",
        "object_repr": "image 33 Galaxy S9",
        "action_flag": 2,
        "change_message": "[{\"changed\": {\"fields\": [\"image\"]}}]"
    }
}, {
    "model": "admin.logentry",
    "pk": 411,
    "fields": {
        "action_time": "2018-05-13T21:22:19.068Z",
        "user": 1,
        "content_type": 6,
        "object_id": "5",
        "object_repr": "image 5 Galaxy Tab 3",
        "action_flag": 2,
        "change_message": "[{\"changed\": {\"fields\": [\"image\"]}}]"
    }
}, {
    "model": "admin.logentry",
    "pk": 412,
    "fields": {
        "action_time": "2018-05-13T21:33:29.229Z",
        "user": 1,
        "content_type": 6,
        "object_id": "46",
        "object_repr": "image 46 Galaxy S9",
        "action_flag": 1,
        "change_message": "[{\"added\": {}}]"
    }
}, {
    "model": "admin.logentry",
    "pk": 413,
    "fields": {
        "action_time": "2018-05-13T21:33:36.343Z",
        "user": 1,
        "content_type": 6,
        "object_id": "47",
        "object_repr": "image 47 Galaxy S9",
        "action_flag": 1,
        "change_message": "[{\"added\": {}}]"
    }
}, {
    "model": "admin.logentry",
    "pk": 414,
    "fields": {
        "action_time": "2018-05-13T21:35:05.334Z",
        "user": 1,
        "content_type": 6,
        "object_id": "46",
        "object_repr": "image 46 Galaxy S9",
        "action_flag": 3,
        "change_message": ""
    }
}, {
    "model": "admin.logentry",
    "pk": 415,
    "fields": {
        "action_time": "2018-05-14T02:15:50.642Z",
        "user": 1,
        "content_type": 3,
        "object_id": "4",
        "object_repr": "2 Galaxy S9 de admin",
        "action_flag": 1,
        "change_message": "[{\"added\": {}}]"
    }
}, {
    "model": "admin.logentry",
    "pk": 416,
    "fields": {
        "action_time": "2018-05-14T02:31:39.451Z",
        "user": 1,
        "content_type": 3,
        "object_id": "5",
        "object_repr": "1 iPhone X de admin",
        "action_flag": 1,
        "change_message": "[{\"added\": {}}]"
    }
}, {
    "model": "admin.logentry",
    "pk": 417,
    "fields": {
        "action_time": "2018-05-14T02:32:23.083Z",
        "user": 1,
        "content_type": 3,
        "object_id": "6",
        "object_repr": "1 iPhone X de admin",
        "action_flag": 1,
        "change_message": "[{\"added\": {}}]"
    }
}, {
    "model": "admin.logentry",
    "pk": 418,
    "fields": {
        "action_time": "2018-05-14T02:33:16.899Z",
        "user": 1,
        "content_type": 3,
        "object_id": "7",
        "object_repr": "1 iPhone X de admin",
        "action_flag": 1,
        "change_message": "[{\"added\": {}}]"
    }
}, {
    "model": "admin.logentry",
    "pk": 419,
    "fields": {
        "action_time": "2018-05-14T02:34:11.022Z",
        "user": 1,
        "content_type": 3,
        "object_id": "8",
        "object_repr": "1 iPhone X de admin",
        "action_flag": 1,
        "change_message": "[{\"added\": {}}]"
    }
}, {
    "model": "admin.logentry",
    "pk": 420,
    "fields": {
        "action_time": "2018-05-14T02:38:20.614Z",
        "user": 1,
        "content_type": 3,
        "object_id": "9",
        "object_repr": "2 Etui LED de admin",
        "action_flag": 1,
        "change_message": "[{\"added\": {}}]"
    }
}, {
    "model": "admin.logentry",
    "pk": 421,
    "fields": {
        "action_time": "2018-05-14T02:39:37.345Z",
        "user": 1,
        "content_type": 31,
        "object_id": "1",
        "object_repr": "admin iPhone X",
        "action_flag": 1,
        "change_message": "[{\"added\": {}}]"
    }
}, {
    "model": "admin.logentry",
    "pk": 422,
    "fields": {
        "action_time": "2018-05-14T02:39:48.729Z",
        "user": 1,
        "content_type": 31,
        "object_id": "2",
        "object_repr": "admin Dell Inspiron N4010",
        "action_flag": 1,
        "change_message": "[{\"added\": {}}]"
    }
}, {
    "model": "admin.logentry",
    "pk": 423,
    "fields": {
        "action_time": "2018-05-14T03:47:30.631Z",
        "user": 1,
        "content_type": 19,
        "object_id": "4",
        "object_repr": "admin Dell Inspiron N4010",
        "action_flag": 1,
        "change_message": "[{\"added\": {}}]"
    }
}, {
    "model": "admin.logentry",
    "pk": 424,
    "fields": {
        "action_time": "2018-05-14T03:53:34.524Z",
        "user": 1,
        "content_type": 19,
        "object_id": "5",
        "object_repr": "admin Dell Inspiron N4010",
        "action_flag": 1,
        "change_message": "[{\"added\": {}}]"
    }
}, {
    "model": "admin.logentry",
    "pk": 425,
    "fields": {
        "action_time": "2018-05-14T03:58:08.749Z",
        "user": 1,
        "content_type": 19,
        "object_id": "6",
        "object_repr": "admin Dell Inspiron N4010",
        "action_flag": 1,
        "change_message": "[{\"added\": {}}]"
    }
}, {
    "model": "admin.logentry",
    "pk": 426,
    "fields": {
        "action_time": "2018-05-14T03:58:30.811Z",
        "user": 1,
        "content_type": 19,
        "object_id": "7",
        "object_repr": "admin Dell Inspiron N4010",
        "action_flag": 1,
        "change_message": "[{\"added\": {}}]"
    }
}, {
    "model": "admin.logentry",
    "pk": 427,
    "fields": {
        "action_time": "2018-05-14T04:00:38.015Z",
        "user": 1,
        "content_type": 19,
        "object_id": "8",
        "object_repr": "admin Ballon Molten",
        "action_flag": 1,
        "change_message": "[{\"added\": {}}]"
    }
}, {
    "model": "admin.logentry",
    "pk": 428,
    "fields": {
        "action_time": "2018-05-14T04:00:44.126Z",
        "user": 1,
        "content_type": 19,
        "object_id": "9",
        "object_repr": "admin CAT A200",
        "action_flag": 1,
        "change_message": "[{\"added\": {}}]"
    }
}, {
    "model": "admin.logentry",
    "pk": 429,
    "fields": {
        "action_time": "2018-05-14T04:01:24.180Z",
        "user": 1,
        "content_type": 19,
        "object_id": "10",
        "object_repr": "admin Dex Pad",
        "action_flag": 1,
        "change_message": "[{\"added\": {}}]"
    }
}, {
    "model": "admin.logentry",
    "pk": 430,
    "fields": {
        "action_time": "2018-05-14T16:03:40.422Z",
        "user": 1,
        "content_type": 19,
        "object_id": "11",
        "object_repr": "admin Dell Inspiron N4010",
        "action_flag": 1,
        "change_message": "[{\"added\": {}}]"
    }
}, {
    "model": "admin.logentry",
    "pk": 431,
    "fields": {
        "action_time": "2018-05-14T16:10:15.920Z",
        "user": 1,
        "content_type": 15,
        "object_id": "1",
        "object_repr": "Slide object (1)",
        "action_flag": 2,
        "change_message": "[{\"changed\": {\"fields\": [\"product\"]}}]"
    }
}, {
    "model": "admin.logentry",
    "pk": 432,
    "fields": {
        "action_time": "2018-05-14T16:13:41.263Z",
        "user": 1,
        "content_type": 15,
        "object_id": "4",
        "object_repr": "Slide object (4)",
        "action_flag": 2,
        "change_message": "[{\"changed\": {\"fields\": [\"active\"]}}]"
    }
}, {
    "model": "admin.logentry",
    "pk": 433,
    "fields": {
        "action_time": "2018-05-14T16:14:09.350Z",
        "user": 1,
        "content_type": 15,
        "object_id": "4",
        "object_repr": "Slide object (4)",
        "action_flag": 2,
        "change_message": "[{\"changed\": {\"fields\": [\"product\", \"active\"]}}]"
    }
}, {
    "model": "admin.logentry",
    "pk": 434,
    "fields": {
        "action_time": "2018-05-14T16:14:23.712Z",
        "user": 1,
        "content_type": 15,
        "object_id": "3",
        "object_repr": "Slide object (3)",
        "action_flag": 2,
        "change_message": "[{\"changed\": {\"fields\": [\"product\"]}}]"
    }
}, {
    "model": "admin.logentry",
    "pk": 435,
    "fields": {
        "action_time": "2018-05-14T16:14:43.167Z",
        "user": 1,
        "content_type": 15,
        "object_id": "2",
        "object_repr": "Slide object (2)",
        "action_flag": 2,
        "change_message": "[{\"changed\": {\"fields\": [\"product\"]}}]"
    }
}, {
    "model": "admin.logentry",
    "pk": 436,
    "fields": {
        "action_time": "2018-05-14T17:33:42.583Z",
        "user": 1,
        "content_type": 31,
        "object_id": "3",
        "object_repr": "admin Galaxy S9",
        "action_flag": 1,
        "change_message": "[{\"added\": {}}]"
    }
}, {
    "model": "admin.logentry",
    "pk": 437,
    "fields": {
        "action_time": "2018-05-14T18:01:53.603Z",
        "user": 1,
        "content_type": 19,
        "object_id": "12",
        "object_repr": "admin Under Armor x4",
        "action_flag": 1,
        "change_message": "[{\"added\": {}}]"
    }
}, {
    "model": "admin.logentry",
    "pk": 438,
    "fields": {
        "action_time": "2018-05-14T18:02:43.146Z",
        "user": 1,
        "content_type": 3,
        "object_id": "14",
        "object_repr": "1 Ballon Molten de admin",
        "action_flag": 1,
        "change_message": "[{\"added\": {}}]"
    }
}, {
    "model": "admin.logentry",
    "pk": 439,
    "fields": {
        "action_time": "2018-05-14T18:02:45.393Z",
        "user": 1,
        "content_type": 3,
        "object_id": "15",
        "object_repr": "1 Ballon Molten de admin",
        "action_flag": 1,
        "change_message": "[{\"added\": {}}]"
    }
}, {
    "model": "admin.logentry",
    "pk": 440,
    "fields": {
        "action_time": "2018-05-14T18:03:17.355Z",
        "user": 1,
        "content_type": 3,
        "object_id": "15",
        "object_repr": "1 Ballon Molten de admin",
        "action_flag": 3,
        "change_message": ""
    }
}, {
    "model": "admin.logentry",
    "pk": 441,
    "fields": {
        "action_time": "2018-05-14T18:04:11.427Z",
        "user": 1,
        "content_type": 31,
        "object_id": "4",
        "object_repr": "admin iPhone X",
        "action_flag": 1,
        "change_message": "[{\"added\": {}}]"
    }
}, {
    "model": "admin.logentry",
    "pk": 442,
    "fields": {
        "action_time": "2018-05-14T18:04:19.203Z",
        "user": 1,
        "content_type": 31,
        "object_id": "5",
        "object_repr": "admin MacBook Pro",
        "action_flag": 1,
        "change_message": "[{\"added\": {}}]"
    }
}, {
    "model": "admin.logentry",
    "pk": 443,
    "fields": {
        "action_time": "2018-05-15T18:30:33.375Z",
        "user": 1,
        "content_type": 3,
        "object_id": "9",
        "object_repr": "2 Etui LED de admin",
        "action_flag": 3,
        "change_message": ""
    }
}, {
    "model": "admin.logentry",
    "pk": 444,
    "fields": {
        "action_time": "2018-05-15T18:39:29.211Z",
        "user": 1,
        "content_type": 3,
        "object_id": "96",
        "object_repr": "1 Etui LED de admin",
        "action_flag": 3,
        "change_message": ""
    }
}, {
    "model": "admin.logentry",
    "pk": 445,
    "fields": {
        "action_time": "2018-05-15T18:46:36.241Z",
        "user": 1,
        "content_type": 3,
        "object_id": "97",
        "object_repr": "3 Etui LED de admin",
        "action_flag": 3,
        "change_message": ""
    }
}, {
    "model": "admin.logentry",
    "pk": 446,
    "fields": {
        "action_time": "2018-05-15T18:52:47.468Z",
        "user": 1,
        "content_type": 3,
        "object_id": "98",
        "object_repr": "2 Etui LED de admin",
        "action_flag": 3,
        "change_message": ""
    }
}, {
    "model": "admin.logentry",
    "pk": 447,
    "fields": {
        "action_time": "2018-05-15T19:02:01.684Z",
        "user": 1,
        "content_type": 3,
        "object_id": "101",
        "object_repr": "1 Etui LED de admin",
        "action_flag": 3,
        "change_message": ""
    }
}, {
    "model": "admin.logentry",
    "pk": 448,
    "fields": {
        "action_time": "2018-05-15T21:40:48.358Z",
        "user": 1,
        "content_type": 3,
        "object_id": "104",
        "object_repr": "2 Etui LED de admin",
        "action_flag": 2,
        "change_message": "[{\"changed\": {\"fields\": [\"color\"]}}]"
    }
}, {
    "model": "admin.logentry",
    "pk": 449,
    "fields": {
        "action_time": "2018-05-15T21:41:01.011Z",
        "user": 1,
        "content_type": 3,
        "object_id": "104",
        "object_repr": "2 Etui LED de admin",
        "action_flag": 2,
        "change_message": "[]"
    }
}, {
    "model": "admin.logentry",
    "pk": 450,
    "fields": {
        "action_time": "2018-05-15T21:41:03.064Z",
        "user": 1,
        "content_type": 3,
        "object_id": "104",
        "object_repr": "2 Etui LED de admin",
        "action_flag": 2,
        "change_message": "[]"
    }
}, {
    "model": "admin.logentry",
    "pk": 451,
    "fields": {
        "action_time": "2018-05-15T21:41:04.668Z",
        "user": 1,
        "content_type": 3,
        "object_id": "104",
        "object_repr": "2 Etui LED de admin",
        "action_flag": 2,
        "change_message": "[]"
    }
}, {
    "model": "admin.logentry",
    "pk": 452,
    "fields": {
        "action_time": "2018-05-15T21:41:05.004Z",
        "user": 1,
        "content_type": 3,
        "object_id": "104",
        "object_repr": "2 Etui LED de admin",
        "action_flag": 2,
        "change_message": "[]"
    }
}, {
    "model": "admin.logentry",
    "pk": 453,
    "fields": {
        "action_time": "2018-05-15T22:08:18.301Z",
        "user": 1,
        "content_type": 3,
        "object_id": "106",
        "object_repr": "1 Etui LED de admin",
        "action_flag": 3,
        "change_message": ""
    }
}, {
    "model": "admin.logentry",
    "pk": 454,
    "fields": {
        "action_time": "2018-05-15T22:32:50.197Z",
        "user": 1,
        "content_type": 3,
        "object_id": "107",
        "object_repr": "2 Etui LED de admin",
        "action_flag": 1,
        "change_message": "[{\"added\": {}}]"
    }
}, {
    "model": "admin.logentry",
    "pk": 455,
    "fields": {
        "action_time": "2018-05-15T23:51:53.683Z",
        "user": 1,
        "content_type": 4,
        "object_id": "8",
        "object_repr": "Yellow",
        "action_flag": 1,
        "change_message": "[{\"added\": {}}]"
    }
}, {
    "model": "admin.logentry",
    "pk": 456,
    "fields": {
        "action_time": "2018-05-15T23:52:13.099Z",
        "user": 1,
        "content_type": 17,
        "object_id": "32",
        "object_repr": "4 de Etui LED Yellow",
        "action_flag": 1,
        "change_message": "[{\"added\": {}}]"
    }
}, {
    "model": "admin.logentry",
    "pk": 457,
    "fields": {
        "action_time": "2018-05-15T23:52:32.087Z",
        "user": 1,
        "content_type": 4,
        "object_id": "9",
        "object_repr": "Green",
        "action_flag": 1,
        "change_message": "[{\"added\": {}}]"
    }
}, {
    "model": "admin.logentry",
    "pk": 458,
    "fields": {
        "action_time": "2018-05-15T23:52:34.201Z",
        "user": 1,
        "content_type": 17,
        "object_id": "33",
        "object_repr": "5 de Etui LED Green",
        "action_flag": 1,
        "change_message": "[{\"added\": {}}]"
    }
}, {
    "model": "admin.logentry",
    "pk": 459,
    "fields": {
        "action_time": "2018-05-15T23:54:47.616Z",
        "user": 1,
        "content_type": 4,
        "object_id": "8",
        "object_repr": "Gold",
        "action_flag": 2,
        "change_message": "[{\"changed\": {\"fields\": [\"name\"]}}]"
    }
}, {
    "model": "admin.logentry",
    "pk": 460,
    "fields": {
        "action_time": "2018-05-15T23:54:55.201Z",
        "user": 1,
        "content_type": 17,
        "object_id": "32",
        "object_repr": "4 de iPhone X Gold",
        "action_flag": 2,
        "change_message": "[{\"changed\": {\"fields\": [\"product\"]}}]"
    }
}, {
    "model": "admin.logentry",
    "pk": 461,
    "fields": {
        "action_time": "2018-05-15T23:55:04.432Z",
        "user": 1,
        "content_type": 17,
        "object_id": "32",
        "object_repr": "4 de iPhone X Gold",
        "action_flag": 2,
        "change_message": "[{\"changed\": {\"fields\": [\"first_quantity\"]}}]"
    }
}, {
    "model": "admin.logentry",
    "pk": 462,
    "fields": {
        "action_time": "2018-05-15T23:56:52.078Z",
        "user": 1,
        "content_type": 12,
        "object_id": "8",
        "object_repr": "Pier One",
        "action_flag": 2,
        "change_message": "[{\"changed\": {\"fields\": [\"name\"]}}]"
    }
}, {
    "model": "admin.logentry",
    "pk": 463,
    "fields": {
        "action_time": "2018-05-15T23:57:45.346Z",
        "user": 1,
        "content_type": 12,
        "object_id": "9",
        "object_repr": "Mango",
        "action_flag": 2,
        "change_message": "[{\"changed\": {\"fields\": [\"name\"]}}]"
    }
}, {
    "model": "admin.logentry",
    "pk": 464,
    "fields": {
        "action_time": "2018-05-15T23:57:49.173Z",
        "user": 1,
        "content_type": 12,
        "object_id": "9",
        "object_repr": "Mango",
        "action_flag": 2,
        "change_message": "[]"
    }
}, {
    "model": "admin.logentry",
    "pk": 465,
    "fields": {
        "action_time": "2018-05-15T23:58:17.191Z",
        "user": 1,
        "content_type": 4,
        "object_id": "10",
        "object_repr": "Pink",
        "action_flag": 1,
        "change_message": "[{\"added\": {}}]"
    }
}, {
    "model": "admin.logentry",
    "pk": 466,
    "fields": {
        "action_time": "2018-05-15T23:58:41.253Z",
        "user": 1,
        "content_type": 17,
        "object_id": "34",
        "object_repr": "12 de iPhone X Pink",
        "action_flag": 1,
        "change_message": "[{\"added\": {}}]"
    }
}, {
    "model": "admin.logentry",
    "pk": 467,
    "fields": {
        "action_time": "2018-05-16T02:46:20.033Z",
        "user": 1,
        "content_type": 10,
        "object_id": "5",
        "object_repr": "Order 5 de admin",
        "action_flag": 3,
        "change_message": ""
    }
}, {
    "model": "admin.logentry",
    "pk": 468,
    "fields": {
        "action_time": "2018-05-16T02:46:20.182Z",
        "user": 1,
        "content_type": 10,
        "object_id": "4",
        "object_repr": "Order 4 de admin",
        "action_flag": 3,
        "change_message": ""
    }
}, {
    "model": "admin.logentry",
    "pk": 469,
    "fields": {
        "action_time": "2018-05-16T02:46:20.330Z",
        "user": 1,
        "content_type": 10,
        "object_id": "3",
        "object_repr": "Order 3 de admin",
        "action_flag": 3,
        "change_message": ""
    }
}, {
    "model": "admin.logentry",
    "pk": 470,
    "fields": {
        "action_time": "2018-05-16T02:48:00.315Z",
        "user": 1,
        "content_type": 10,
        "object_id": "7",
        "object_repr": "Order 7 de admin",
        "action_flag": 3,
        "change_message": ""
    }
}, {
    "model": "admin.logentry",
    "pk": 471,
    "fields": {
        "action_time": "2018-05-16T03:08:16.865Z",
        "user": 1,
        "content_type": 10,
        "object_id": "9",
        "object_repr": "Order 9 de admin",
        "action_flag": 3,
        "change_message": ""
    }
}, {
    "model": "admin.logentry",
    "pk": 472,
    "fields": {
        "action_time": "2018-05-16T03:08:27.043Z",
        "user": 1,
        "content_type": 10,
        "object_id": "8",
        "object_repr": "Order 8 de admin",
        "action_flag": 3,
        "change_message": ""
    }
}, {
    "model": "ecommerce.profile",
    "pk": 1,
    "fields": {
        "user": 1,
        "tel": "06 38 12 10 17"
    }
}, {
    "model": "ecommerce.profile",
    "pk": 2,
    "fields": {
        "user": 3,
        "tel": null
    }
}, {
    "model": "ecommerce.profile",
    "pk": 3,
    "fields": {
        "user": 2,
        "tel": "06 12 54 34 21"
    }
}]
